year,r_all,r_images,r_genai,r_language
2010,-0.1167,-0.1166,,
2011,-0.1163,-0.1166,,
2012,-0.1264,-0.1166,-0.1885,-0.1885
2013,-0.09641,-0.1166,-0.1885,-0.1885
2014,-0.103,-0.1166,-0.1885,-0.1885
2015,-0.1303,-0.1166,-0.1964,-0.1885
2016,-0.1539,-0.1166,-0.1915,-0.1885
2017,-0.1547,-0.1166,-0.1917,-0.1885
2018,-0.1578,-0.1166,-0.1938,-0.1885
2019,-0.1606,-0.1166,-0.1946,-0.1885
2020,-0.165,-0.1166,-0.1961,-0.1885
2021,-0.1675,-0.1166,-0.196,-0.1885
2022,-0.1709,-0.1166,-0.1966,-0.1885
2023,-0.1747,-0.1166,-0.1966,-0.1885
2024,-0.1747,-0.1166,-0.1966,-0.1885
