naics4,title,sector,workers,rep_share,change_pp,aiie,aiie_lm,aiie_ig,ind_education,ind_log_wage,rep_pred,culture_gap,occ_coverage
1133,Logging,Agriculture,569.0,0.6024,-0.1265,-1.36,-1.74,-0.07501,2.137,10.68,0.4726,0.1298,0.9068
1151,Support Activities for Crop Production,Agriculture,18730.0,0.4928,-2.718,-2.165,-1.936,-2.263,1.962,10.27,0.4122,0.08056,0.9752
1152,Support Activities for Animal Production,Agriculture,901.0,0.5025,-1.632,-1.149,-1.034,-1.162,3.153,10.46,0.4364,0.06614,0.8207
2111,Oil and Gas Extraction,"Mining, oil & gas",70030.0,0.6073,-0.6015,0.6686,0.4489,1.115,4.275,11.39,0.5241,0.0832,0.7917
2121,Coal Mining,"Mining, oil & gas",1866.0,0.6978,0.608,-1.146,-1.384,-0.2575,2.771,11.03,0.5541,0.1437,0.7106
2122,Metal Ore Mining,"Mining, oil & gas",9480.0,0.5531,-2.814,-0.8924,-1.113,-0.09888,3.192,11.05,0.536,0.01719,0.7718
2123,Nonmetallic Mineral Mining and Quarrying,"Mining, oil & gas",9799.0,0.5946,-3.798,-1.038,-1.219,-0.3852,2.773,10.79,0.5286,0.066,0.7649
2131,Support Activities for Mining,"Mining, oil & gas",41630.0,0.627,-1.915,-0.981,-1.104,-0.5005,2.775,10.91,0.5556,0.0714,0.8707
2211,"Electric Power Generation, Transmission and Distribution",Utilities,165800.0,0.4921,-4.954,0.2096,0.04999,0.7041,3.858,11.33,0.5259,-0.03377,0.8733
2212,Natural Gas Distribution,Utilities,29280.0,0.5064,-2.647,0.3454,0.2034,0.7333,3.894,11.31,0.4998,0.006548,0.8293
2213,"Water, Sewage and Other Systems",Utilities,20450.0,0.5141,-4.808,-0.1564,-0.2696,0.1092,3.305,10.84,0.4853,,0.6077
2361,Residential Building Construction,Construction,124800.0,0.5558,-2.952,-0.7603,-0.7264,-0.559,3.136,10.83,0.5065,0.04929,0.7405
2362,Nonresidential Building Construction,Construction,167200.0,0.5588,-3.479,-0.6632,-0.7161,-0.227,3.329,11.04,0.5287,0.03013,0.7574
2371,Utility System Construction,Construction,47200.0,0.5486,-4.956,-1.176,-1.219,-0.7085,2.764,10.87,0.5453,,0.6766
2372,Land Subdivision,Construction,23470.0,0.451,-3.653,0.5814,0.4659,0.8167,3.921,11.04,0.4904,-0.03945,0.7837
2373,"Highway, Street, and Bridge Construction",Construction,17580.0,0.5675,-3.84,-1.296,-1.362,-0.7802,2.667,10.88,0.5456,,0.6897
2379,Other Heavy and Civil Engineering Construction,Construction,21490.0,0.5445,-3.594,-1.105,-1.167,-0.5977,2.897,10.9,0.5354,,0.6825
2381,"Foundation, Structure, and Building Exterior Contractors",Construction,77920.0,0.5931,-3.652,-1.757,-1.621,-1.603,2.607,10.77,0.5271,,0.6329
2382,Building Equipment Contractors,Construction,111900.0,0.5712,-4.547,-0.8321,-0.9265,-0.2382,3.127,10.9,0.5383,0.03287,0.9109
2383,Building Finishing Contractors,Construction,28660.0,0.5598,-3.524,-1.603,-1.441,-1.49,2.643,10.74,0.4983,0.06146,0.8029
2389,Other Specialty Trade Contractors,Construction,55380.0,0.5792,-3.401,-1.359,-1.392,-0.9217,2.578,10.76,0.5402,,0.6766
3111,Animal Food Manufacturing,Manufacturing,16140.0,0.5137,-5.92,-0.7891,-0.8605,-0.5856,2.804,10.65,0.4592,0.05445,0.8957
3112,Grain and Oilseed Milling,Manufacturing,7891.0,0.4739,-5.524,-0.7206,-0.7863,-0.5629,2.92,10.8,0.4625,0.01136,0.8412
3113,Sugar and Confectionery Product Manufacturing,Manufacturing,12270.0,0.4419,-2.425,-0.773,-0.7428,-0.9477,2.618,10.62,0.4339,0.007956,0.9173
3114,Fruit and Vegetable Preserving and Specialty Food Manufacturing,Manufacturing,17120.0,0.4935,-4.974,-0.9808,-0.9998,-0.9591,2.566,10.6,0.4446,0.04893,0.9053
3115,Dairy Product Manufacturing,Manufacturing,17620.0,0.5069,-5.081,-0.8435,-0.8946,-0.7278,2.664,10.7,0.4534,0.05349,0.8718
3116,Animal Slaughtering and Processing,Manufacturing,17540.0,0.5399,-3.04,-1.663,-1.515,-1.93,2.203,10.43,0.4569,0.083,0.9504
3117,Seafood Product Preparation and Packaging,Manufacturing,2486.0,0.3946,-4.375,-1.258,-1.162,-1.419,2.284,10.42,0.4574,-0.06286,0.9246
3118,Bakeries and Tortilla Manufacturing,Manufacturing,27620.0,0.4106,-4.395,-0.8016,-0.7667,-0.8721,2.399,10.44,0.399,0.01164,0.8814
3119,Other Food Manufacturing,Manufacturing,88790.0,0.4619,-4.428,-0.8539,-0.8497,-0.865,2.754,10.65,0.4383,0.0236,0.8765
3121,Beverage Manufacturing,Manufacturing,82470.0,0.4144,-4.616,-0.6586,-0.5721,-0.7857,2.77,10.66,0.4417,-0.02724,0.9045
3122,Tobacco Manufacturing,Manufacturing,7265.0,0.4921,-3.126,-0.8843,-0.9706,-0.5901,2.923,10.98,0.4726,0.01943,0.9289
3131,"Fiber, Yarn, and Thread Mills",Manufacturing,1220.0,0.555,-1.382,-1.588,-1.615,-1.462,2.184,10.44,0.4829,0.0721,0.9498
3132,Fabric Mills,Manufacturing,4419.0,0.5163,-1.964,-1.114,-1.13,-1.091,2.636,10.58,0.4605,0.05575,0.9249
3133,Textile and Fabric Finishing and Fabric Coating Mills,Manufacturing,5559.0,0.5252,-0.5066,-0.4358,-0.5265,-0.2631,3.163,10.66,0.4481,0.07706,0.8188
3141,Textile Furnishings Mills,Manufacturing,6544.0,0.5128,-2.923,-1.068,-1.211,-0.6486,2.411,10.48,0.4481,0.06474,0.884
3149,Other Textile Product Mills,Manufacturing,5463.0,0.4456,-3.474,-0.5616,-0.7876,0.05402,2.668,10.48,0.433,0.01256,0.8546
3151,Apparel Knitting Mills,Manufacturing,1818.0,0.3333,-13.07,-1.272,-1.238,-1.345,2.557,10.32,0.4383,-0.105,0.9134
3152,Cut and Sew Apparel Manufacturing,Manufacturing,59680.0,0.3415,-1.821,-0.652,-0.8944,0.08284,2.651,10.52,0.4114,-0.06987,0.9056
3159,Apparel Accessories and Other Apparel Manufacturing,Manufacturing,13820.0,0.3611,-3.036,-0.7916,-1.059,-0.0603,2.46,10.41,0.42,-0.05892,0.8729
3161,Leather and Hide Tanning and Finishing,Manufacturing,699.0,0.4565,-1.696,-1.104,-1.134,-1.005,2.579,10.48,0.4155,0.04099,0.8996
3162,Footwear Manufacturing,Manufacturing,30670.0,0.2705,-5.48,-0.5301,-0.591,-0.3678,3.024,10.57,0.434,-0.1636,0.8861
3169,Other Leather and Allied Product Manufacturing,Manufacturing,8882.0,0.3485,-1.54,-0.6799,-0.825,-0.3059,2.801,10.47,0.4059,-0.05741,0.7971
3211,Sawmills and Wood Preservation,Manufacturing,1102.0,0.6446,-3.427,-1.421,-1.499,-1.016,2.486,10.55,0.4876,0.157,0.933
3212,"Veneer, Plywood, and Engineered Wood Product Manufacturing",Manufacturing,5941.0,0.5965,-4.31,-1.135,-1.211,-0.807,2.725,10.61,0.4734,0.1231,0.7694
3219,Other Wood Product Manufacturing,Manufacturing,39550.0,0.5774,-3.984,-1.146,-1.183,-0.8864,2.688,10.51,0.4582,0.1192,0.7284
3221,"Pulp, Paper, and Paperboard Mills",Manufacturing,11040.0,0.5778,-2.773,-0.9503,-1.055,-0.6131,2.889,10.98,0.486,0.09174,0.9116
3222,Converted Paper Product Manufacturing,Manufacturing,41270.0,0.5626,-2.912,-0.8242,-0.8851,-0.6015,2.824,10.75,0.4639,0.09874,0.9016
3231,Printing and Related Support Activities,Manufacturing,48540.0,0.5224,-2.632,-0.21,-0.3234,0.251,3.1,10.66,0.4553,0.06707,0.9033
3241,Petroleum and Coal Products Manufacturing,Manufacturing,36410.0,0.6035,-2.254,-0.1959,-0.4348,0.4192,3.512,11.2,0.5185,0.08503,0.8849
3251,Chemical Manufacturing,Manufacturing,42250.0,0.5384,-4.65,-0.308,-0.3177,0.3568,3.739,11.06,0.4932,0.04523,0.8938
3252,Chemical Manufacturing,Manufacturing,33500.0,0.5647,-1.507,-0.308,-0.3177,0.3568,3.739,11.06,0.4932,0.0715,0.8938
3253,Chemical Manufacturing,Manufacturing,17290.0,0.5466,-3.281,-0.308,-0.3177,0.3568,3.739,11.06,0.4932,0.05339,0.8938
3254,Pharmaceutical and Medicine Manufacturing,Manufacturing,351100.0,0.4049,-5.812,0.4637,0.3094,0.8204,4.577,11.18,0.4432,-0.0383,0.872
3255,Chemical Manufacturing,Manufacturing,31500.0,0.515,-6.149,-0.1203,-0.4082,-0.05045,3.355,10.85,0.4632,0.05174,0.8606
3256,Chemical Manufacturing,Manufacturing,98520.0,0.4473,-3.37,-0.1203,-0.4082,-0.05045,3.355,10.85,0.4632,-0.01593,0.8606
3259,Chemical Manufacturing,Manufacturing,42540.0,0.5469,-2.887,-0.308,-0.3177,0.3568,3.739,11.06,0.4932,0.05375,0.8938
3261,Plastics Product Manufacturing,Manufacturing,48730.0,0.5651,-4.215,-0.8658,-0.9115,-0.6659,2.9,10.66,0.4855,0.07958,0.8122
3262,Rubber Product Manufacturing,Manufacturing,21450.0,0.5611,-3.243,-1.078,-1.121,-0.8994,2.857,10.74,0.5019,0.05919,0.849
3311,Iron and Steel Mills and Ferroalloy Manufacturing,Manufacturing,10270.0,0.5945,-2.235,-0.9913,-1.135,-0.503,2.955,10.85,0.5131,0.08142,0.8814
3312,Steel Product Manufacturing from Purchased Steel,Manufacturing,14240.0,0.5758,-2.046,-0.9156,-1.027,-0.5274,2.936,10.77,0.4937,0.08206,0.8935
3313,Alumina and Aluminum Production and Processing,Manufacturing,9525.0,0.564,-1.908,-1.022,-1.117,-0.6482,2.868,10.76,0.4945,0.06953,0.8703
3314,Nonferrous Metal (except Aluminum) Production and Processing,Manufacturing,6064.0,0.5846,-2.314,-0.7422,-0.8715,-0.3394,3.057,10.9,0.488,0.09664,0.8994
3315,Foundries,Manufacturing,5792.0,0.5781,-3.547,-1.078,-1.168,-0.7488,2.789,10.72,0.5001,0.07795,0.8852
3321,Fabricated Metal Product Manufacturing,Manufacturing,10970.0,0.606,-2.598,-0.7402,-0.6249,-0.1199,3.269,10.78,0.5,0.106,0.7459
3322,Fabricated Metal Product Manufacturing,Manufacturing,10420.0,0.4976,-1.422,-0.7402,-0.6249,-0.1199,3.269,10.78,0.5,-0.002403,0.7459
3323,Fabricated Metal Product Manufacturing,Manufacturing,36530.0,0.5791,-4.399,-0.5006,-0.8476,-0.3157,3.097,10.75,0.5127,0.06636,0.8097
3324,Fabricated Metal Product Manufacturing,Manufacturing,14390.0,0.5714,-2.553,-0.5006,-0.8476,-0.3157,3.097,10.75,0.5127,0.05873,0.8097
3325,Fabricated Metal Product Manufacturing,Manufacturing,5654.0,0.5176,-5.834,-0.7402,-0.6249,-0.1199,3.269,10.78,0.5,0.01758,0.7459
3326,Fabricated Metal Product Manufacturing,Manufacturing,4176.0,0.5755,-4.345,-0.7402,-0.6249,-0.1199,3.269,10.78,0.5,0.07546,0.7459
3327,"Machine Shops; Turned Product; and Screw, Nut, and Bolt Manufacturing",Manufacturing,20890.0,0.5798,-3.622,-0.6099,-0.7429,-0.2372,3.184,10.77,0.5284,0.05135,0.7893
3328,"Coating, Engraving, Heat Treating, and Allied Activities",Manufacturing,6257.0,0.5689,-4.927,-0.7754,-0.8038,-0.6446,2.752,10.64,0.4742,0.09473,0.7936
3329,Fabricated Metal Product Manufacturing,Manufacturing,53490.0,0.5856,-4.068,-0.7402,-0.6249,-0.1199,3.269,10.78,0.5,0.08562,0.7459
3331,Machinery Manufacturing,Manufacturing,59820.0,0.6083,-2.814,-0.07464,-0.2271,0.3794,3.789,10.91,0.5058,,0.6933
3332,Machinery Manufacturing,Manufacturing,57820.0,0.5005,-6.554,-0.07464,-0.2271,0.3794,3.789,10.91,0.5058,,0.6933
3333,Commercial and Service Industry Machinery Manufacturing,Manufacturing,29820.0,0.5048,-3.34,0.3309,0.1627,0.7583,4.094,11.01,0.486,,0.6586
3334,Machinery Manufacturing,Manufacturing,35180.0,0.5704,-3.2,-0.07464,-0.2271,0.3794,3.789,10.91,0.5058,,0.6933
3335,Metalworking Machinery Manufacturing,Manufacturing,21040.0,0.6046,-3.954,-0.3469,-0.5042,0.1118,3.467,10.85,0.5296,0.07497,0.7905
3336,"Engine, Turbine, and Power Transmission Equipment Manufacturing",Manufacturing,16060.0,0.5283,-4.846,0.1307,-0.0731,0.6865,4.093,11.02,0.5068,0.02148,0.7425
3339,Machinery Manufacturing,Manufacturing,107400.0,0.5626,-3.578,-0.07464,-0.2271,0.3794,3.789,10.91,0.5058,,0.6933
3341,Computer and Peripheral Equipment Manufacturing,Manufacturing,75490.0,0.446,-2.476,1.596,1.398,2.041,5.344,11.49,0.4679,,0.5151
3342,Communications Equipment Manufacturing,Manufacturing,116700.0,0.3804,-4.041,1.182,0.9911,1.608,4.86,11.28,0.4828,,0.5829
3343,Audio and Video Equipment Manufacturing,Manufacturing,17370.0,0.4229,-3.42,1.161,0.9977,1.496,4.917,11.19,0.4631,,0.5544
3344,Semiconductor and Other Electronic Component Manufacturing,Manufacturing,158900.0,0.4314,-2.859,0.6828,0.4501,1.31,4.427,11.15,0.4831,,0.6046
3345,"Navigational, Measuring, Electromedical, and Control Instruments Manufacturing",Manufacturing,240200.0,0.4774,-4.417,1.114,0.8779,1.672,4.982,11.28,0.4785,,0.6043
3346,Manufacturing and Reproducing Magnetic and Optical Media,Manufacturing,50780.0,0.4058,-2.095,0.149,0.1217,0.2384,3.638,11.03,0.4585,,0.6936
3351,Electric Lighting Equipment Manufacturing,Manufacturing,18440.0,0.4866,-3.532,0.5807,0.4803,0.7917,4.205,10.89,0.4736,,0.5631
3352,Household Appliance Manufacturing,Manufacturing,19750.0,0.4964,-4.867,0.02817,-0.1023,0.4129,3.803,10.79,0.4811,,0.5544
3353,Electrical Equipment Manufacturing,Manufacturing,45780.0,0.5441,-4.483,0.333,0.1498,0.8054,4.126,10.91,0.4956,,0.6108
3359,Other Electrical Equipment and Component Manufacturing,Manufacturing,47360.0,0.5021,-5.272,-0.03841,-0.1594,0.2998,3.743,10.88,0.4832,,0.6223
3361,Motor Vehicle Manufacturing,Manufacturing,110600.0,0.4446,-8.623,-0.3023,-0.4569,0.2444,3.729,10.92,0.5041,,0.3431
3362,Motor Vehicle Body and Trailer Manufacturing,Manufacturing,15490.0,0.587,-3.899,-0.8058,-0.8968,-0.3771,3.053,10.65,0.5113,,0.561
3363,Motor Vehicle Parts Manufacturing,Manufacturing,73640.0,0.5197,-5.25,-0.5861,-0.7299,-0.1083,3.265,10.76,0.5012,,0.6598
3364,Aerospace Product and Parts Manufacturing,Manufacturing,247500.0,0.4966,-5.562,0.519,0.2732,1.19,4.49,11.31,0.496,0.0006282,0.7376
3365,Railroad Rolling Stock Manufacturing,Manufacturing,5285.0,0.5435,-4.217,-0.6624,-0.7924,-0.1505,3.247,10.85,0.5172,0.02628,0.7664
3366,Ship and Boat Building,Manufacturing,21020.0,0.5254,-4.149,-0.6675,-0.7998,-0.05442,3.302,10.9,0.5192,0.00622,0.7532
3369,Other Transportation Equipment Manufacturing,Manufacturing,13410.0,0.5122,-5.64,-0.1677,-0.2972,0.2531,3.76,10.86,0.5006,,0.6406
3371,Furniture and Related Product Manufacturing,Manufacturing,21840.0,0.4916,-5.577,-1.001,-1.048,-0.6166,2.794,10.62,0.4831,0.008545,0.7941
3372,Furniture and Related Product Manufacturing,Manufacturing,20030.0,0.5051,-5.654,-1.001,-1.048,-0.6166,2.794,10.62,0.4831,0.02203,0.7941
3379,Other Furniture Related Product Manufacturing,Manufacturing,6719.0,0.4544,-7.218,-0.5725,-0.6636,-0.2422,2.904,10.53,0.4529,,0.5475
3391,Medical Equipment and Supplies Manufacturing,Manufacturing,186200.0,0.4757,-5.638,0.2302,0.01389,0.7815,3.871,10.91,0.4639,0.01172,0.7375
3399,Other Miscellaneous Manufacturing,Manufacturing,83350.0,0.4622,-2.876,-0.06874,-0.1698,0.279,3.514,10.73,0.4595,0.002653,0.7017
4231,Motor Vehicle and Motor Vehicle Parts and Supplies Merchant Wholesalers,Wholesale,37630.0,0.5433,-3.405,-0.1602,-0.1337,-0.1881,3.253,10.74,0.4872,0.05612,0.8391
4232,"Merchant Wholesalers, Durable Goods",Wholesale,15330.0,0.4495,-3.612,0.2425,0.2797,0.1572,3.755,10.87,0.4745,-0.02502,0.825
4233,"Merchant Wholesalers, Durable Goods",Wholesale,41650.0,0.6008,-4.289,0.2425,0.2797,0.1572,3.755,10.87,0.4745,0.1263,0.825
4234,Professional and Commercial Equipment and Supplies Merchant Wholesalers,Wholesale,81640.0,0.5107,-2.85,1.041,1.012,1.036,4.372,11.1,0.4738,0.03685,0.735
4235,"Merchant Wholesalers, Durable Goods",Wholesale,9459.0,0.5683,-3.382,0.2425,0.2797,0.1572,3.755,10.87,0.4745,0.09381,0.825
4236,"Merchant Wholesalers, Durable Goods",Wholesale,54990.0,0.5522,-3.283,0.2425,0.2797,0.1572,3.755,10.87,0.4745,0.07774,0.825
4237,"Merchant Wholesalers, Durable Goods",Wholesale,43160.0,0.5854,-3.63,0.2425,0.2797,0.1572,3.755,10.87,0.4745,0.1109,0.825
4238,"Machinery, Equipment, and Supplies Merchant Wholesalers",Wholesale,91180.0,0.5945,-2.444,0.2608,0.2635,0.2046,3.802,10.92,0.5028,0.09175,0.8765
4239,"Merchant Wholesalers, Durable Goods",Wholesale,27890.0,0.4864,-3.897,0.2425,0.2797,0.1572,3.755,10.87,0.4745,0.01192,0.825
4241,"Merchant Wholesalers, Nondurable Goods",Wholesale,11060.0,0.5304,-1.459,0.6838,0.02637,-0.02589,3.496,10.78,0.4628,0.06762,0.8269
4242,"Merchant Wholesalers, Nondurable Goods",Wholesale,42970.0,0.4563,-4.922,-0.00273,0.6972,0.5789,4.206,11.06,0.4642,-0.007872,0.8405
4243,"Apparel, Piece Goods, and Notions Merchant Wholesalers",Wholesale,16900.0,0.3772,-0.03449,0.6573,0.7209,0.5,4.037,10.87,0.431,-0.05383,0.7956
4244,"Merchant Wholesalers, Nondurable Goods",Wholesale,72840.0,0.4806,-5.078,-0.3585,-0.3049,-0.3408,3.26,10.75,0.4662,0.01443,0.7478
4245,Farm Product Raw Material Merchant Wholesalers,Wholesale,3983.0,0.5402,-3.41,-0.711,-0.6865,-0.6547,3.006,10.6,0.4641,0.07608,0.8723
4246,"Merchant Wholesalers, Nondurable Goods",Wholesale,18010.0,0.5596,-3.66,-0.00273,0.6972,0.5789,4.206,11.06,0.4642,0.09547,0.8405
4247,"Merchant Wholesalers, Nondurable Goods",Wholesale,12420.0,0.5994,-0.2464,0.6838,0.02637,-0.02589,3.496,10.78,0.4628,0.1366,0.8269
4248,"Merchant Wholesalers, Nondurable Goods",Wholesale,33200.0,0.4734,-4.924,-0.3585,-0.3049,-0.3408,3.26,10.75,0.4662,0.007189,0.7478
4249,"Merchant Wholesalers, Nondurable Goods",Wholesale,22480.0,0.5042,-2.458,0.6838,0.02637,-0.02589,3.496,10.78,0.4628,0.0414,0.8269
4251,Wholesale Electronic Markets and Agents and Brokers,Wholesale,29710.0,0.5137,-0.9593,0.9877,1.062,0.6943,4.297,11.05,0.4784,0.03529,0.815
4411,Automobile Dealers,Retail,153400.0,0.534,-4.25,-0.1669,-0.08577,-0.4833,2.828,10.66,0.4591,0.07493,0.8957
4412,Other Motor Vehicle Dealers,Retail,24320.0,0.5782,-1.407,-0.1301,-0.008615,-0.5658,2.909,10.57,0.4726,0.1056,0.9333
4413,"Automotive Parts, Accessories, and Tire Stores",Retail,31940.0,0.5424,-3.199,-0.6872,-0.5935,-0.8745,2.57,10.39,0.4938,0.04864,0.9439
4441,Building Material and Supplies Dealers,Retail,86450.0,0.4814,-3.679,0.1045,0.3545,-0.7178,2.677,10.41,0.4004,0.08097,0.8619
4442,Lawn and Garden Equipment and Supplies Stores,Retail,10390.0,0.5519,-2.712,-0.4642,-0.2473,-1.038,2.557,10.36,0.4239,0.1279,0.9456
4451,Food and Beverage Stores,Retail,167200.0,0.4109,-1.982,-0.4067,-0.1878,-1.16,2.439,10.27,0.3617,0.04924,0.7401
4452,Food and Beverage Stores,Retail,28000.0,0.3842,-2.953,-0.4067,-0.1878,-1.16,2.439,10.27,0.3617,0.02258,0.7401
4453,"Beer, Wine, and Liquor Stores",Retail,11860.0,0.3759,-0.4407,-0.01858,0.2288,-1.004,2.214,10.25,0.3631,0.01279,0.9021
4811,Scheduled Air Transportation,Transport & warehousing,101200.0,0.4583,-3.796,-0.4555,-0.384,-0.7673,3.635,11.25,0.4514,0.006917,0.9402
4812,Nonscheduled Air Transportation,Transport & warehousing,8150.0,0.5681,-3.932,0.1135,-0.221,1.001,4.017,11.18,0.5452,0.02284,0.8772
4821,Rail Transportation,Transport & warehousing,23670.0,0.5299,-3.826,-0.5922,-0.8212,0.132,2.912,11.11,0.4906,0.03936,0.8286
4831,"Deep Sea, Coastal, and Great Lakes Water Transportation",Transport & warehousing,36630.0,0.4168,-1.22,-0.328,-0.5228,0.3393,3.156,10.96,0.4819,-0.0651,0.8776
4832,Inland Water Transportation,Transport & warehousing,2472.0,0.5143,0.5842,-0.8718,-1.204,0.3678,2.783,11.06,0.499,0.01529,0.9512
4851,Urban Transit Systems,Transport & warehousing,5892.0,0.3759,-4.172,-0.1202,-0.1658,-0.04748,3.001,10.65,0.4936,,0.2382
4852,Interurban and Rural Bus Transportation,Transport & warehousing,2348.0,0.2664,-6.033,-0.04622,0.03138,-0.3685,2.722,10.59,0.4586,,0.2805
4853,Taxi and Limousine Service,Transport & warehousing,7067.0,0.4508,-1.558,1.37,1.266,1.189,3.155,10.36,0.4412,,0.2725
4854,School and Employee Bus Transportation,Transport & warehousing,4982.0,0.4246,-3.325,0.0766,0.05596,0.009571,2.884,10.51,0.5096,,0.09215
4855,Charter Bus Industry,Transport & warehousing,1662.0,0.4641,-4.077,0.009357,-0.00394,-0.04752,2.939,10.49,0.4757,,0.2345
4859,Other Transit and Ground Passenger Transportation,Transport & warehousing,26190.0,0.3642,-6.248,0.9623,0.8995,0.826,3.348,10.4,0.447,,0.2132
4861,Pipeline Transportation of Crude Oil,Transport & warehousing,3316.0,0.6317,-0.8647,-0.1341,-0.3534,0.4298,3.475,11.27,0.5215,0.1102,0.8357
4862,Pipeline Transportation of Natural Gas,Transport & warehousing,13420.0,0.6499,-0.5444,-0.09011,-0.3575,0.5648,3.58,11.2,0.5366,0.1133,0.9169
4869,Other Pipeline Transportation,Transport & warehousing,3575.0,0.6495,-4.009,-0.03936,-0.363,0.7216,3.507,11.27,0.5376,0.1119,0.8764
4871,"Scenic and Sightseeing Transportation, Land",Transport & warehousing,602.0,0.3958,3.299,0.4042,0.5076,-0.1136,3.044,10.52,0.4286,,0.4027
4872,"Scenic and Sightseeing Transportation, Water",Transport & warehousing,912.0,0.3841,1.261,-0.6679,-0.6566,-0.5679,2.669,10.52,0.4336,-0.04952,0.8056
4879,"Scenic and Sightseeing Transportation, Other",Transport & warehousing,916.0,0.4941,-1.805,0.1866,-0.05806,0.7396,3.507,10.85,0.5162,-0.02205,0.8407
4881,Support Activities for Air Transportation,Transport & warehousing,47020.0,0.5237,-3.082,-0.3353,-0.3617,-0.199,3.181,10.74,0.4797,0.04407,0.8053
4882,Support Activities for Rail Transportation,Transport & warehousing,3400.0,0.4967,-2.828,-1.475,-1.53,-0.9986,2.615,10.72,0.4891,0.007542,0.825
4883,Support Activities for Water Transportation,Transport & warehousing,12250.0,0.4927,-2.792,-1.411,-1.45,-0.9518,2.578,10.91,0.4837,0.008999,0.8568
4884,Support Activities for Road Transportation,Transport & warehousing,11530.0,0.4975,-3.175,-0.9505,-1.171,-0.1612,2.621,10.55,0.499,-0.001498,0.9041
4885,Freight Transportation Arrangement,Transport & warehousing,60030.0,0.4767,-4.541,1.025,0.8798,1.114,3.478,10.86,0.4512,0.02556,0.808
4889,Other Support Activities for Transportation,Transport & warehousing,23080.0,0.4426,-4.712,-1.106,-0.9423,-1.389,2.721,10.51,0.4193,0.02336,0.8029
4911,Postal Service (federal government),Transport & warehousing,32410.0,0.4,-4.441,-1.315,-1.121,-1.708,2.273,10.92,0.4081,,0.4361
4921,Couriers and Express Delivery Services,Transport & warehousing,59700.0,0.4469,-4.053,-1.15,-1.299,-0.4125,2.365,10.92,0.4752,-0.02821,0.8503
4922,Local Messengers and Local Delivery,Transport & warehousing,23150.0,0.3237,-8.072,-1.183,-1.27,-0.6294,2.25,10.54,0.4524,-0.1287,0.8739
4931,Warehousing and Storage,Transport & warehousing,16640.0,0.5087,-3.666,-1.591,-1.526,-1.389,2.532,10.58,0.4558,0.05286,0.7221
5121,Motion Picture and Video Industries,Information,120700.0,0.2744,-2.22,0.4026,0.4131,0.641,3.688,10.91,0.3431,-0.06864,0.7811
5122,Sound Recording Industries,Information,27770.0,0.2771,-2.169,1.434,1.313,1.507,4.546,11.05,0.3709,-0.09386,0.7919
5182,"Data Processing, Hosting, and Related Services",Information,143300.0,0.3877,-6.617,1.743,1.654,1.697,4.941,11.31,0.4178,,0.4654
5211,Monetary Authorities-Central Bank,Finance & insurance,9259.0,0.3561,-4.069,1.77,1.643,1.739,5.255,11.5,0.4431,,0.5077
5221,Credit Intermediation and Related Activities,Finance & insurance,680400.0,0.4494,-3.29,1.889,1.801,1.344,4.232,10.96,0.4606,-0.01113,0.867
5222,Nondepository Credit Intermediation,Finance & insurance,183300.0,0.4679,-2.889,2.113,2.051,1.543,4.409,11.01,0.4585,0.009417,0.8354
5223,Credit Intermediation and Related Activities,Finance & insurance,166000.0,0.4604,-4.803,1.889,1.801,1.344,4.232,10.96,0.4606,-0.00015,0.867
5241,Insurance Carriers,Finance & insurance,576000.0,0.4509,-4.512,2.059,1.976,1.785,4.92,11.16,0.4351,0.01579,0.7951
5242,"Agencies, Brokerages, and Other Insurance Related Activities",Finance & insurance,276600.0,0.5057,-3.474,2.121,2.087,1.624,4.597,10.95,0.4544,0.05128,0.8865
5251,Insurance and Employee Benefit Funds,Finance & insurance,39290.0,0.4607,-3.627,2.18,2.053,1.911,5.164,11.19,0.4439,0.01685,0.8393
5259,Other Investment Pools and Funds,Finance & insurance,32040.0,0.4282,-4.043,2.07,1.962,1.778,4.956,11.25,0.4684,,0.6636
5321,Automotive Equipment Rental and Leasing,Real estate,43300.0,0.4605,-5.076,-0.1279,-0.09503,-0.3436,3.175,10.54,0.4623,-0.001781,0.8419
5322,Rental and Leasing Services,Real estate,33920.0,0.4615,-0.2693,-0.2706,-0.2709,-0.2818,3.217,10.67,0.4636,-0.002147,0.881
5323,Rental and Leasing Services,Real estate,2192.0,0.5321,-0.7154,-0.2706,-0.2709,-0.2818,3.217,10.67,0.4636,0.06846,0.881
5324,Rental and Leasing Services,Real estate,36870.0,0.5815,-3.873,-0.2706,-0.2709,-0.2818,3.217,10.67,0.4636,0.1179,0.881
5331,Lessors of Nonfinancial Intangible Assets (except Copyrighted Works),Real estate,5701.0,0.496,-1.843,1.911,1.871,1.771,5.336,11.21,0.4269,,0.6891
5411,Legal Services,Professional & technical services,384100.0,0.3672,-2.81,2.157,2.199,1.889,6.615,11.25,0.3707,-0.003535,0.9218
5412,"Accounting, Tax Preparation, Bookkeeping, and Payroll Services",Professional & technical services,328100.0,0.4413,-4.014,2.216,1.908,2.26,4.913,11.11,0.4423,-0.0009642,0.8466
5413,"Architectural, Engineering, and Related Services",Professional & technical services,516200.0,0.469,-4.519,1.493,1.066,2.654,5.533,11.25,0.4625,0.006511,0.8214
5414,Specialized Design Services,Professional & technical services,100000.0,0.3846,-2.303,1.281,0.9959,2.632,4.878,11.02,0.396,-0.01134,0.8368
5415,Computer Systems Design and Related Services,Professional & technical services,662400.0,0.427,-3.957,1.86,1.751,1.986,5.339,11.43,0.4466,,0.3323
5416,"Management, Scientific, and Technical Consulting Services",Professional & technical services,528700.0,0.4011,-3.361,1.805,1.722,1.802,5.449,11.23,0.416,-0.01489,0.702
5417,Scientific Research and Development Services,Professional & technical services,205000.0,0.3411,-4.587,1.635,1.406,2.125,6.505,11.47,0.3866,-0.0455,0.7452
5418,"Advertising, Public Relations, and Related Services",Professional & technical services,410200.0,0.3614,-3.073,1.306,1.282,1.549,4.614,11.11,0.3908,-0.02943,0.8137
5419,"Other Professional, Scientific, and Technical Services",Professional & technical services,185300.0,0.3864,-3.39,0.6022,0.6538,0.2022,4.748,10.82,0.3705,0.01585,0.8412
5511,Management of Companies and Enterprises,Management of companies,34970.0,0.4636,-1.154,1.699,1.592,1.668,5.026,11.29,0.4394,,0.6911
5611,Office Administrative Services,Admin & support,25240.0,0.4269,-1.612,1.754,1.674,1.471,4.481,11.04,0.4232,0.003771,0.7109
5612,Facilities Support Services,Admin & support,25920.0,0.4894,-4.577,-1.008,-0.7835,-1.328,2.796,10.63,0.4416,0.04776,0.8715
5613,Employment Services,Admin & support,309400.0,0.4149,-3.268,-0.7235,-0.5981,-0.9239,3.128,10.56,0.4233,-0.008329,0.7012
5614,Business Support Services,Admin & support,146800.0,0.4138,-3.632,1.705,1.881,0.7439,3.904,10.55,0.3839,0.02991,0.8656
5615,Travel Arrangement and Reservation Services,Admin & support,64600.0,0.3781,-2.609,1.683,1.779,0.9496,4.015,10.8,0.4096,-0.03146,0.8046
5616,Investigation and Security Services,Admin & support,103200.0,0.4604,-2.791,-0.3442,-0.4164,-0.1635,2.462,10.43,0.4565,0.003888,0.9154
5617,Services to Buildings and Dwellings,Admin & support,69800.0,0.5118,-3.866,-1.999,-1.612,-2.347,2.591,10.37,0.4192,0.09261,0.9486
5619,Other Support Services,Admin & support,57760.0,0.4312,-3.368,-0.4763,-0.4007,-0.6176,3.073,10.61,0.4301,0.001113,0.724
5621,Waste Collection,Admin & support,6025.0,0.5525,-2.901,-1.332,-1.431,-0.6719,2.452,10.66,0.4574,0.09511,0.9166
5622,Waste Treatment and Disposal,Admin & support,20540.0,0.5161,-7.052,-0.7965,-0.9307,-0.1994,2.949,10.88,0.4722,0.04392,0.859
5629,Remediation and Other Waste Management Services,Admin & support,25170.0,0.5427,-3.007,-0.7835,-0.8477,-0.3977,2.989,10.77,0.4728,0.06991,0.8314
6111,Elementary and Secondary Schools,Education,300400.0,0.3702,-3.284,1.316,1.449,0.9473,5.758,10.81,0.373,,0.3741
6112,Junior Colleges,Education,22250.0,0.3685,-3.151,1.53,1.759,0.8002,6.862,10.98,0.3695,,0.5933
6113,"Colleges, Universities, and Professional Schools",Education,1803000.0,0.3211,-1.752,1.457,1.626,0.9011,6.722,11.05,0.3706,,0.6769
6114,Business Schools and Computer and Management Training,Education,156800.0,0.3801,-3.142,1.741,1.817,1.433,5.493,11.06,0.4009,,0.6215
6115,Technical and Trade Schools,Education,32850.0,0.4525,-2.43,0.947,1.095,0.5127,5.282,10.89,0.4223,,0.4668
6116,Other Schools and Instruction,Education,91890.0,0.3424,-1.266,0.6729,1.037,0.02849,5.168,10.56,0.3838,,0.6705
6117,Educational Support Services,Education,75020.0,0.3202,-2.07,1.605,1.703,1.258,5.828,10.94,0.3807,,0.4907
6211,Offices of Physicians,Health care,270200.0,0.3957,-6.173,1.01,1.041,0.4757,4.432,10.96,0.3937,,0.6995
6212,Offices of Dentists,Health care,28840.0,0.4345,-5.196,0.4155,0.4778,-0.08372,4.483,11.02,0.3937,,0.6697
6213,Offices of Other Health Practitioners,Health care,254600.0,0.3831,-5.524,0.7008,0.8735,0.04166,5.515,10.9,0.3899,-0.006778,0.8365
6214,Outpatient Care Centers,Health care,341100.0,0.4061,-4.545,0.9686,1.029,0.4871,5.274,10.96,0.3913,,0.6815
6215,Medical and Diagnostic Laboratories,Health care,61580.0,0.4032,-5.319,0.6742,0.6569,0.5187,4.241,10.88,0.3943,,0.6204
6216,Home Health Care Services,Health care,174300.0,0.41,-3.471,0.6927,0.8118,0.1316,5.63,10.57,0.4163,,0.3255
6219,Other Ambulatory Health Care Services,Health care,266600.0,0.3812,-4.161,0.7869,0.7635,0.6136,4.358,10.68,0.4129,,0.4176
6221,General Medical and Surgical Hospitals,Health care,785300.0,0.3998,-5.497,0.5275,0.5981,0.1197,5.348,11.06,0.4097,-0.009891,0.737
6222,Psychiatric and Substance Abuse Hospitals,Health care,68120.0,0.342,-3.626,0.5211,0.6696,-0.00322,5.263,10.81,0.3744,,0.6845
6223,Specialty (except Psychiatric and Substance Abuse) Hospitals,Health care,43320.0,0.3855,-3.533,0.5901,0.6808,0.1488,5.679,11.12,0.4062,-0.02076,0.7169
6231,Nursing Care Facilities (Skilled Nursing Facilities),Health care,48300.0,0.4036,-3.529,-0.243,0.0127,-0.935,4.17,10.58,0.3926,,0.5519
6232,"Residential Intellectual and Developmental Disability, Mental Health, and Substance Abuse Facilities",Health care,23390.0,0.313,-2.544,0.8572,1.031,0.2505,5.109,10.42,0.36,,0.3461
6233,Continuing Care Retirement Communities and Assisted Living Facilities for the Elderly,Health care,51360.0,0.4219,-2.046,-0.4844,-0.1962,-1.192,3.324,10.4,0.3762,,0.5043
6239,Other Residential Care Facilities,Health care,13770.0,0.3712,-4.011,0.719,0.9229,0.1491,4.773,10.46,0.349,,0.4991
6241,Individual and Family Services,Health care,176200.0,0.3005,-2.039,1.163,1.303,0.6038,5.315,10.38,0.3511,,0.2785
6242,"Community Food and Housing, and Emergency and Other Relief Services",Health care,80210.0,0.3214,-1.053,0.8514,0.963,0.4201,4.672,10.61,0.3617,-0.04032,0.7729
6243,Vocational Rehabilitation Services,Health care,19140.0,0.3587,-2.632,0.2863,0.5225,-0.2846,4.441,10.4,0.3832,,0.6067
6244,Child Day Care Services,Health care,36770.0,0.3104,-4.271,0.05727,0.4046,-0.4636,3.833,10.26,0.3463,,0.4408
7111,Performing Arts Companies,Arts & recreation,57890.0,0.2592,-2.01,0.1677,0.452,-0.5094,4.116,10.7,0.3584,-0.09925,0.9054
7112,Spectator Sports,Arts & recreation,84070.0,0.3989,-4.782,-0.2576,-0.05402,-0.7209,3.247,10.61,0.413,-0.01416,0.7803
7113,"Promoters of Performing Arts, Sports, and Similar Events",Arts & recreation,37620.0,0.3347,-3.203,-0.1932,-0.04179,-0.5205,3.071,10.57,0.3839,-0.04917,0.8718
7114,"Agents and Managers for Artists, Athletes, Entertainers, and Other Public Figures",Arts & recreation,20720.0,0.2955,-3.242,1.911,2.017,1.23,4.729,11.09,0.3957,-0.1002,0.8252
7115,"Independent Artists, Writers, and Performers",Arts & recreation,12820.0,0.2604,-1.939,0.6088,0.6763,0.8828,4.353,10.91,0.345,-0.0846,0.7835
7121,"Museums, Historical Sites, and Similar Institutions",Arts & recreation,77940.0,0.2619,-1.489,0.3808,0.5192,0.09194,4.199,10.61,0.3736,-0.1118,0.7183
7131,Amusement Parks and Arcades,Arts & recreation,28950.0,0.3672,-1.92,-0.5338,-0.2295,-1.473,2.286,10.26,0.4101,-0.04294,0.8135
7132,Gambling Industries,Arts & recreation,18660.0,0.393,-7.345,-0.1355,-0.06854,-0.6089,2.499,10.35,0.4403,-0.04733,0.8015
7139,Other Amusement and Recreation Industries,Arts & recreation,151700.0,0.4106,-2.391,-1.085,-0.5726,-2.137,3.161,10.38,0.4055,0.005087,0.7174
7211,Traveler Accommodation,Accommodation & food,237500.0,0.3836,-2.795,-0.9026,-0.5285,-1.726,2.428,10.33,0.3652,0.01839,0.9224
7212,RV (Recreational Vehicle) Parks and Recreational Camps,Accommodation & food,19240.0,0.4085,2.628,-0.4049,-0.2026,-0.8107,3.211,10.32,0.4116,-0.003065,0.9046
7213,Rooming and Boarding Houses,Accommodation & food,1895.0,0.3767,-0.5601,-1.051,-0.6265,-1.887,2.727,10.26,0.3538,0.02285,0.872
7223,Special Food Services,Accommodation & food,94110.0,0.3834,-2.629,-1.061,-0.7297,-1.838,2.431,10.3,0.3504,,0.6831
7224,Drinking Places (Alcoholic Beverages),Accommodation & food,8429.0,0.3497,-2.957,-0.9991,-0.6514,-1.864,2.182,10.13,0.3547,-0.004961,0.9815
7225,Restaurants and Other Eating Places,Accommodation & food,417800.0,0.3584,-2.71,-1.172,-0.7725,-2.165,2.193,10.12,0.3427,,0.6823
8111,Automotive Repair and Maintenance,Other services,64440.0,0.5345,-3.495,-1.094,-1.114,-0.8438,2.647,10.55,0.5023,0.03223,0.8704
8112,Electronic and Precision Equipment Repair and Maintenance,Other services,13240.0,0.4926,-0.7621,0.1067,-0.07733,0.7209,3.735,10.81,0.4833,0.009312,0.7247
8113,Commercial and Industrial Machinery and Equipment (except Automotive and Electronic) Repair and Maintenance,Other services,10010.0,0.5968,-4.558,-0.7798,-0.8794,-0.4286,3.182,10.81,0.5313,0.06554,0.8986
8114,Personal and Household Goods Repair and Maintenance,Other services,26510.0,0.5102,0.8719,-0.7465,-0.8001,-0.4743,2.681,10.54,0.5024,0.007737,0.9305
8121,Personal Care Services,Other services,77320.0,0.4075,-2.507,-0.4751,-0.3101,-0.4942,2.731,10.28,0.394,0.01353,0.8859
8122,Death Care Services,Other services,8533.0,0.4868,-4.18,-0.3155,-0.05937,-0.9344,3.544,10.6,0.4233,,0.5978
8123,Drycleaning and Laundry Services,Other services,12930.0,0.4768,-2.307,-1.148,-0.9959,-1.479,2.326,10.31,0.435,0.04172,0.8928
8129,Other Personal Services,Other services,38220.0,0.3883,-2.36,-0.7702,-0.5892,-1.068,2.707,10.34,0.3911,,0.5482
8131,Religious Organizations,Other services,110200.0,0.541,-1.203,0.9662,1.156,0.3473,4.717,10.61,0.4271,0.1138,0.7469
8132,Grantmaking and Giving Services,Other services,212400.0,0.342,-3.921,1.721,1.779,1.337,5.215,11.1,0.3752,,0.6674
8133,Social Advocacy Organizations,Other services,101900.0,0.2579,-1.08,1.194,1.302,0.772,5.107,10.88,0.3679,,0.682
8134,Civic and Social Organizations,Other services,103600.0,0.3075,-2.934,-0.3505,0.0472,-1.175,3.628,10.37,0.3749,,0.6969
8139,"Business, Professional, Labor, Political, and Similar Organizations",Other services,159500.0,0.3557,-2.558,1.36,1.402,1.091,4.667,11.06,0.4079,-0.05227,0.7881
