title,sector,workers,rep_share,rep_pred,culture_gap,culture_gap_pp
Footwear Manufacturing,Manufacturing,30670.0,0.2705,0.434,-0.1636,-16.36
Local Messengers and Local Delivery,Transport & warehousing,23150.0,0.3237,0.4524,-0.1287,-12.87
"Museums, Historical Sites, and Similar Institutions",Arts & recreation,77940.0,0.2619,0.3736,-0.1118,-11.18
"Agents and Managers for Artists, Athletes, Entertainers, and Other Public Figures",Arts & recreation,20720.0,0.2955,0.3957,-0.1002,-10.02
Performing Arts Companies,Arts & recreation,57890.0,0.2592,0.3584,-0.09925,-9.925
Sound Recording Industries,Information,27770.0,0.2771,0.3709,-0.09386,-9.386
Cut and Sew Apparel Manufacturing,Manufacturing,59680.0,0.3415,0.4114,-0.06987,-6.987
Motion Picture and Video Industries,Information,120700.0,0.2744,0.3431,-0.06864,-6.864
"Merchant Wholesalers, Durable Goods",Wholesale,41650.0,0.6008,0.4745,0.1263,12.63
Other Wood Product Manufacturing,Manufacturing,39550.0,0.5774,0.4582,0.1192,11.92
Rental and Leasing Services,Real estate,36870.0,0.5815,0.4636,0.1179,11.79
Religious Organizations,Other services,110200.0,0.541,0.4271,0.1138,11.38
"Merchant Wholesalers, Durable Goods",Wholesale,43160.0,0.5854,0.4745,0.1109,11.09
Other Motor Vehicle Dealers,Retail,24320.0,0.5782,0.4726,0.1056,10.56
Converted Paper Product Manufacturing,Manufacturing,41270.0,0.5626,0.4639,0.09874,9.874
Services to Buildings and Dwellings,Admin & support,69800.0,0.5118,0.4192,0.09261,9.261
