state_fips,pc1,pc2,archetype,anomaly,state,name,region,vr_rep_share,aige,net_migration_rate,gross_migration_rate,mover_income_gap,cspp_propgoppres,cspp_propgopleg,cspp_ranney4_control,cspp_inst6014_nom,cspp_policyeconlib_est,cspp_policysociallib_est,cspp_masseconlib_est,cspp_masssociallib_est,cspp_grtw,cspp_perc_college,cspp_x_top_corporateincometaxrate,cspp_hincomemed,cspp_incomepcap,cspp_unemployment,drift_pp,coverage
01,-3.917,-0.04963,type 1,0.4367,AL,Alabama,South,0.6196,0.5171,0.004636,0.05649,2.815,61.17,70.0,0.0,19.36,-1.244,-1.587,-0.5057,0.08727,1.0,24.26,6.5,48500.0,42590.0,5.5,-1.729,0.08548
02,0.06567,1.62,type 1,0.4897,AK,Alaska,West,0.6118,0.471,-0.007939,0.1041,-8.284,53.97,60.57,0.3333,37.79,-0.08733,-0.0662,-0.4458,0.4541,0.0,29.11,9.4,76820.0,60050.0,6.733,-2.12,0.1073
04,-2.191,0.4464,type 1,0.4235,AZ,Arizona,West,0.5183,0.9088,0.01206,0.08579,13.91,52.17,58.9,0.0,3.878,-1.061,-0.6562,-0.403,1.27,1.0,28.42,4.9,56220.0,44370.0,5.4,-3.452,0.1813
05,-3.659,-0.6539,type 1,0.4641,AR,Arkansas,South,0.6088,0.243,0.005443,0.06158,1.945,60.53,68.67,0.1667,55.43,-1.156,-1.806,-0.4102,0.004092,1.0,21.9,6.5,45710.0,43160.0,4.267,-2.035,0.1157
06,5.025,-0.4264,type 2,0.4929,CA,California,West,0.3259,1.028,-0.008942,0.04064,-26.53,36.03,33.33,1.0,88.09,1.634,2.625,-0.06316,1.996,0.0,33.21,8.84,71210.0,63700.0,5.467,-3.225,0.1555
08,1.944,0.2974,type 2,0.4781,CO,Colorado,West,0.3987,0.981,0.00365,0.09754,10.69,45.43,48.0,0.6667,70.98,-0.4014,0.3706,-0.4437,1.845,0.0,39.5,4.63,68870.0,58520.0,3.333,-4.805,0.2304
09,4.857,0.05888,type 2,0.484,CT,Connecticut,Northeast,0.3506,1.155,-0.002182,0.06809,0.6668,40.57,44.0,1.0,82.73,1.791,2.116,-0.1856,2.367,0.0,38.77,7.5,76110.0,74590.0,5.167,-3.534,0.1473
10,2.16,-1.702,type 2,0.4638,DE,Delaware,South,0.4453,0.9454,0.01329,0.096,9.721,40.57,40.83,1.0,76.57,0.8903,0.8639,-0.2189,1.348,0.0,31.49,8.7,65650.0,52640.0,4.6,-3.595,0.01898
11,3.761,9.221,type 3,0.6301,DC,District of Columbia,South,0.2601,2.339,-0.02075,0.214,-24.37,,,,,,,,,,,8.25,82220.0,81010.0,6.333,-3.611,0.7747
12,-2.319,-0.6064,type 1,0.4439,FL,Florida,South,0.4942,0.738,0.01274,0.07263,63.46,48.93,65.83,0.0,11.72,-0.9695,-0.8162,-0.3369,1.553,1.0,28.62,5.5,53270.0,50600.0,4.833,-2.452,0.1641
13,-2.129,0.2597,type 1,0.4345,GA,Georgia,South,0.4062,0.8129,0.005818,0.06911,-4.823,52.4,66.5,0.0,3.363,-1.294,-1.913,-0.2894,0.8521,1.0,30.21,5.75,55790.0,46660.0,5.367,-3.299,0.05601
15,4.239,-2.22,type 2,0.5395,HI,Hawaii,West,0.3467,0.2347,-0.00593,0.09028,16.86,28.53,9.633,1.0,85.64,1.499,2.356,-0.1831,2.181,0.0,32.4,6.4,78090.0,55170.0,3.0,-3.114,0.07863
16,-4.762,-0.09706,type 1,0.4899,ID,Idaho,West,0.693,0.4953,0.01858,0.09782,30.42,62.73,81.27,0.0,8.785,-1.731,-1.253,-0.8735,0.7794,1.0,26.31,6.925,53290.0,44220.0,3.733,-2.196,0.1263
17,3.627,0.1927,type 2,0.4616,IL,Illinois,Midwest,0.2995,0.9888,-0.009844,0.05032,-37.5,40.2,39.0,0.6667,83.55,0.5732,0.9212,-0.1729,1.664,0.0,33.66,9.5,63560.0,56720.0,5.6,-4.579,0.1699
18,-2.611,-0.008237,type 1,0.415,IN,Indiana,Midwest,0.539,0.4298,0.0005268,0.05009,-6.037,55.03,73.77,0.0,10.29,-0.3113,-0.7142,-0.4955,0.7242,1.0,25.39,5.575,54270.0,47070.0,4.233,-3.618,0.1351
19,0.1215,-0.5392,type 1,0.4559,IA,Iowa,Midwest,0.4626,0.6961,-0.002065,0.05341,-5.642,48.03,55.33,0.5,32.99,0.1988,0.9058,-0.5507,1.395,1.0,28.18,12.0,58560.0,49860.0,3.533,-3.003,0.127
20,-2.283,0.7117,type 1,0.4293,KS,Kansas,Midwest,0.6474,0.9477,-0.003186,0.06929,-3.582,58.73,75.57,0.0,5.383,-0.86,-0.8257,-0.4509,0.7802,1.0,32.39,7.0,57500.0,51170.0,4.0,-1.682,0.05377
21,-1.84,-0.765,type 1,0.4593,KY,Kentucky,South,0.4797,0.4901,0.001429,0.05537,-6.431,61.17,57.23,0.5,62.79,-0.3295,-0.9615,-0.3928,0.4001,0.3333,23.32,5.0,48510.0,42300.0,5.067,-1.801,0.1116
22,-2.584,0.3931,type 1,0.4391,LA,Louisiana,South,0.5621,0.5144,-0.007856,0.05037,0.09368,57.9,58.53,0.0,13.7,-0.8902,-0.9377,-0.3122,0.3555,1.0,23.4,8.0,48040.0,45810.0,5.833,-1.604,0.1275
23,1.598,-2.3,type 2,0.4458,ME,Maine,Northeast,0.38,0.8209,0.01105,0.06385,16.48,42.23,48.0,0.5,62.64,1.433,0.8963,-0.2297,2.062,0.0,30.43,8.93,55460.0,48620.0,3.867,-3.202,0.06454
24,4.798,-0.2088,type 2,0.4761,MD,Maryland,South,0.3646,1.151,-0.005256,0.07266,-11.06,35.7,34.4,0.6667,86.17,1.138,1.789,0.07053,1.897,0.0,39.28,8.25,81860.0,62630.0,4.5,-2.513,0.1041
25,6.249,0.3306,type 2,0.5434,MA,Massachusetts,Northeast,0.2431,1.522,-0.008186,0.0597,-10.74,36.0,20.17,0.6667,91.51,1.761,1.986,-0.02488,2.767,0.0,42.54,8.0,77590.0,71440.0,4.1,-2.691,0.2062
26,-0.4739,-0.2233,type 1,0.4423,MI,Michigan,Midwest,0.3771,0.678,-0.001939,0.03678,-4.169,45.63,60.8,0.0,11.05,0.302,0.1248,-0.3019,1.342,1.0,28.17,6.0,54920.0,47640.0,4.967,-7.17,0.1585
27,2.999,-0.3416,type 2,0.4745,MN,Minnesota,Midwest,0.4878,1.152,-0.003349,0.04464,-19.0,45.03,51.57,0.6667,69.47,0.9426,0.8549,-0.25,1.555,0.0,34.84,9.8,68470.0,57040.0,3.7,-9.168,0.1537
28,-4.296,-0.413,type 1,0.4972,MS,Mississippi,South,0.598,0.2473,-0.002059,0.05732,4.8,56.3,59.0,0.0,27.57,-1.685,-2.473,-0.427,-0.0182,1.0,21.48,5.0,43550.0,37740.0,5.767,-0.9804,0.06366
29,-0.7472,0.3313,type 1,0.4646,MO,Missouri,Midwest,0.5397,0.9743,0.001355,0.05878,-8.076,54.73,71.77,0.5,47.9,-0.468,-0.9587,-0.5363,0.7868,0.0,28.23,6.25,53520.0,47000.0,4.433,-8.492,0.2164
30,-1.193,-1.634,type 1,0.4649,MT,Montana,West,0.5934,0.5934,0.01381,0.08537,30.96,55.4,59.37,0.5,47.03,0.4951,0.01756,-0.6193,0.9938,0.0,29.77,6.75,52780.0,47990.0,4.1,-5.1,0.05638
31,-1.117,0.3813,type 1,0.4397,NE,Nebraska,Midwest,0.5587,0.8861,-0.002535,0.05393,-9.83,59.9,,,17.16,-0.342,-0.0018,-0.5223,0.7264,1.0,31.21,7.81,59080.0,52690.0,3.033,-2.733,0.1488
32,-1.539,-0.65,type 1,0.4819,NV,Nevada,West,0.4701,-0.05791,0.01039,0.1042,34.72,45.63,50.77,0.1667,42.69,-1.047,0.2564,-0.4788,1.776,1.0,23.8,,57800.0,49510.0,5.833,-3.909,0.1647
33,1.536,-1.097,type 2,0.4753,NH,New Hampshire,Northeast,0.5017,0.9081,0.008107,0.08642,24.0,46.43,58.5,0.5,59.89,0.5638,0.4278,-0.3194,2.254,0.0,35.99,7.7,74040.0,61180.0,2.967,-0.9624,0.03555
34,4.67,-0.3666,type 2,0.5064,NJ,New Jersey,Northeast,0.3596,1.117,-0.004141,0.0622,-17.16,40.93,37.8,0.5,54.09,1.495,2.445,-0.01351,2.232,0.0,38.41,11.5,79460.0,67720.0,5.133,-2.227,0.0133
35,0.4951,-0.7697,type 1,0.4585,NM,New Mexico,West,0.3784,0.9067,0.0005192,0.0766,3.432,42.0,46.73,0.5,40.9,0.4824,1.15,-0.317,1.044,0.0,27.13,5.9,48180.0,41550.0,6.5,-3.309,0.09759
36,5.331,0.7562,type 2,0.5123,NY,New York,Northeast,0.3209,1.496,-0.01535,0.05355,-24.19,36.17,35.07,0.6667,79.65,2.862,1.739,0.01713,2.222,0.0,35.85,6.5,65520.0,68700.0,4.933,-3.117,0.2284
37,-2.168,0.2035,type 1,0.4354,NC,North Carolina,South,0.4279,0.7378,0.01028,0.07366,7.8,50.33,63.5,0.0,20.14,-0.5127,-1.108,-0.3361,0.6953,1.0,29.92,2.5,52440.0,46080.0,5.167,-3.206,0.181
38,-2.388,1.12,type 1,0.4755,ND,North Dakota,Midwest,0.5251,0.5213,-0.008025,0.0856,-8.186,60.13,76.8,0.0,26.79,-1.963,-0.3141,-0.5612,0.5575,1.0,28.38,4.31,63220.0,55120.0,2.867,-3.752,0.08953
39,-0.6111,0.08676,type 1,0.4312,OH,Ohio,Midwest,0.4906,0.8505,-0.001491,0.0395,-14.17,49.23,67.2,0.0,12.58,0.2872,-0.3614,-0.3767,1.155,0.0,27.23,,54510.0,48570.0,4.933,-4.04,0.1687
40,-3.795,0.3229,type 1,0.4265,OK,Oklahoma,South,0.6451,0.6218,0.005777,0.06002,-2.974,66.3,75.83,0.0,9.528,-0.9575,-1.357,-0.5056,0.442,1.0,25.2,6.0,51370.0,45620.0,4.533,-1.686,0.1237
41,2.62,-0.6618,type 2,0.4444,OR,Oregon,West,0.2993,0.7986,0.001755,0.07893,-3.552,49.37,41.47,1.0,76.43,1.17,1.003,-0.2218,1.842,0.0,32.14,7.6,59440.0,51140.0,4.867,-3.775,0.2009
42,1.021,0.3326,type 2,0.4259,PA,Pennsylvania,Northeast,0.4281,1.014,-0.001676,0.04716,-9.256,47.27,59.83,0.3333,26.84,0.7166,0.09214,-0.2901,1.245,0.0,30.06,9.99,59380.0,55770.0,5.2,-2.752,0.1932
44,4.378,-0.8299,type 2,0.4834,RI,Rhode Island,Northeast,0.2856,1.004,-0.0007581,0.07665,8.969,36.63,13.9,1.0,81.26,2.003,1.299,-0.09414,2.53,0.0,32.92,7.0,63840.0,54470.0,5.267,-3.614,0.2419
45,-3.843,-0.508,type 1,0.4502,SC,South Carolina,South,0.5756,0.1656,0.01521,0.08358,23.02,54.7,62.57,0.0,0.8603,-1.567,-1.854,-0.4564,0.5875,1.0,27.11,5.0,51000.0,43790.0,5.033,-4.069,0.1306
46,-3.421,-0.001293,type 1,0.4503,SD,South Dakota,Midwest,0.6916,0.6622,0.006907,0.07456,15.94,59.1,82.27,0.0,22.85,-1.282,-1.313,-0.586,0.9219,1.0,28.08,,56300.0,52050.0,3.067,-0.3261,0.08214
47,-3.304,0.1804,type 1,0.4164,TN,Tennessee,South,0.5647,0.5869,0.01077,0.07474,16.97,59.9,76.77,0.0,10.69,-0.5607,-1.251,-0.4443,0.4146,1.0,26.15,6.5,51000.0,47010.0,4.7,-3.252,0.166
48,-1.886,0.3305,type 1,0.407,TX,Texas,South,0.4734,0.9305,0.007228,0.04896,9.297,55.53,64.27,0.0,7.535,-0.9753,-0.7551,-0.4609,0.8265,1.0,28.92,,59500.0,50790.0,4.467,-4.563,0.1613
49,-3.55,1.114,type 1,0.4818,UT,Utah,West,0.728,1.022,0.004575,0.07159,21.27,63.57,83.37,0.0,5.718,-1.006,-1.212,-0.6994,0.2224,1.0,31.99,4.95,68440.0,46700.0,3.4,-2.231,0.165
50,4.623,-2.42,type 2,0.5306,VT,Vermont,Northeast,0.2051,1.02,0.003923,0.0802,23.83,30.9,34.03,1.0,90.08,1.718,1.16,0.08987,2.701,0.0,36.83,8.5,59950.0,53470.0,3.3,-5.39,0.08138
51,0.8608,1.001,type 2,0.4627,VA,Virginia,South,0.4157,1.254,-0.0009325,0.0783,-10.83,46.67,62.37,0.5,30.13,-0.9007,-0.642,-0.2078,1.324,1.0,37.71,6.0,71520.0,57660.0,4.1,-5.506,0.1048
53,3.347,0.1638,type 2,0.4418,WA,Washington,West,0.2711,1.085,0.002188,0.07535,-5.663,40.07,49.23,0.6667,76.64,0.4213,1.287,-0.1512,1.973,0.0,34.5,,70020.0,61780.0,5.267,-3.992,0.1849
54,-2.316,-0.6572,type 1,0.5222,WV,West Virginia,South,0.5939,0.6934,0.0002715,0.05865,-2.386,64.17,61.93,0.6667,74.15,-0.1126,-0.2307,-0.5199,-0.1033,0.3333,20.23,6.5,45230.0,40760.0,6.0,0.2351,0.07243
55,-0.526,-0.2779,type 1,0.4281,WI,Wisconsin,Midwest,0.5774,0.7248,-0.000294,0.04397,-2.071,46.47,62.37,0.0,6.88,0.8035,0.3383,-0.3509,1.368,0.6667,29.29,7.9,59240.0,51350.0,4.0,-3.282,0.1531
56,-4.854,0.5745,type 1,0.5676,WY,Wyoming,West,0.7983,0.06032,0.003733,0.1089,55.75,68.93,85.97,0.0,5.146,-1.846,-0.6812,-0.7861,0.556,1.0,26.49,,62420.0,59670.0,4.567,1.67,0.04734
