measure,pc1,pc2
Workforce Republican share,-0.2632,-0.008275
Republican vote share,-0.2622,-0.1954
AI exposure,0.2023,0.3187
Net migration,-0.1603,-0.2712
Gross migration,0.02797,0.4021
Movers' income gap,-0.1346,-0.1708
Republican share of the last presidential vote (%),-0.2668,0.1429
Republican share of state legislators (%),-0.254,0.1622
"Democratic control of state government (Ranney index, 0-1)",0.2443,-0.1703
State government ideology (0 conservative to 100 liberal),0.2415,-0.1681
Economic policy liberalism (Caughey and Warshaw),0.2642,-0.1574
Social policy liberalism (Caughey and Warshaw),0.2682,-0.13
Public economic liberalism (Caughey and Warshaw),0.2512,-0.1064
Public social liberalism (Caughey and Warshaw),0.2587,-0.1279
Right-to-work law (1 = yes),-0.2353,0.1425
Adults with a college degree (%),0.237,-0.01053
Top corporate income tax rate (%),0.1378,-0.04129
Median household income ($),0.2241,0.174
Income per capita ($),0.2275,0.2592
Unemployment rate (%),0.009252,0.1877
Workforce drift,-0.1038,0.007768
VRscores coverage,0.08709,0.5172
