msa,workers,rep_share,drift_pp,lat,lon,state,party_regime,trajectory,lisa_level,lisa_drift
San Angelo TX MSA,6138.0,0.6847,-1.437,31.48,-100.8,TX,primary-based,path 1,high-high,high-high
Gulfport-Biloxi MS MSA,14700.0,0.7118,-0.3631,30.48,-89.0,MS,primary-based,path 1,high-high,high-high
Sebastian-Vero Beach FL MSA,7899.0,0.691,-1.296,27.7,-80.57,FL,party registration,path 1,high-high,high-high
Chico CA MSA,12270.0,0.4489,-2.856,39.67,-121.6,CA,party registration,path 4,low-low,low-high
Bowling Green KY MSA,9890.0,0.5749,-0.1367,37.05,-86.4,KY,party registration,path 1,high-high,high-high
Olympia WA MSA,21110.0,0.3107,-3.786,46.94,-122.8,WA,primary-based,path 4,low-low,low-low
Monroe LA MSA,14590.0,0.5958,-0.3539,32.73,-92.1,LA,party registration,path 1,high-high,high-high
Iowa City IA MSA,20250.0,0.2736,-2.909,41.52,-91.65,IA,party registration,path 4,low-low,low-high
State College PA MSA,16840.0,0.4253,-2.468,40.91,-77.85,PA,party registration,path 4,low-high,low-high
Des Moines-West Des Moines IA MSA,86600.0,0.4759,-3.701,41.58,-93.76,IA,party registration,path 4,low-low,low-high
Palm Bay-Melbourne-Titusville FL MSA,25420.0,0.6367,-2.576,28.3,-80.7,FL,party registration,path 4,high-high,low-high
Burlington NC MSA,10360.0,0.4982,-1.84,36.04,-79.4,NC,party registration,path 4,low-low,high-high
York-Hanover PA MSA,28320.0,0.6387,-0.945,39.92,-76.73,PA,party registration,path 1,high-low,high-low
Erie PA MSA,20490.0,0.482,-0.8627,42.12,-80.1,PA,party registration,path 1,low-low,high-high
Boise City-Nampa ID MSA,74820.0,0.6654,-2.51,43.01,-116.1,ID,party registration,path 4,high-high,low-high
Rockford IL MSA,22830.0,0.5194,-3.436,42.33,-89.04,IL,primary-based,path 4,low-low,low-low
Port St. Lucie FL MSA,24490.0,0.5853,-1.969,27.23,-80.43,FL,party registration,path 1,high-high,high-high
Orlando-Kissimmee FL MSA,274100.0,0.4234,-4.523,28.43,-81.36,FL,party registration,path 4,low-high,low-high
Corpus Christi TX MSA,23060.0,0.5274,-3.198,27.83,-97.51,TX,primary-based,path 4,low-low,low-low
Louisville/Jefferson County KY-IN MSA,129800.0,0.4719,-1.944,38.31,-85.68,KY,party registration,path 1,low-high,high-high
Charlottesville VA MSA,28900.0,0.3158,-4.784,37.95,-78.59,VA,primary-based,path 2,low-low,low-low
Salt Lake City UT MSA,136700.0,0.6344,-3.503,40.57,-113.0,UT,party registration,path 4,high-high,low-high
Morgantown WV MSA,11640.0,0.5021,-0.6157,39.53,-79.8,WV,party registration,path 1,low-high,high-high
Jackson TN MSA,863.0,0.7114,0.6401,35.75,-88.88,TN,primary-based,path 1,high-high,high-low
Parkersburg-Marietta-Vienna WV-OH MSA,6093.0,0.7358,0.8866,39.14,-81.46,WV,party registration,path 1,high-high,high-high
Lawton OK MSA,4073.0,0.6344,1.556,34.53,-98.43,OK,party registration,path 1,high-high,high-high
Kankakee-Bradley IL MSA,5038.0,0.6003,-2.836,41.14,-87.86,IL,primary-based,path 4,high-low,low-low
Bakersfield CA MSA,36170.0,0.5677,-5.181,35.35,-118.7,CA,party registration,path 2,high-low,low-low
Rapid City SD MSA,8486.0,0.7574,-0.3222,44.31,-102.8,SD,party registration,path 1,high-high,high-high
Janesville WI MSA,9704.0,0.5266,-3.787,42.67,-89.08,WI,modelled by L2,path 4,low-high,low-low
Montgomery AL MSA,26010.0,0.5264,-2.483,32.37,-86.4,AL,modelled by L2,path 4,low-high,low-high
Grand Rapids-Wyoming MI MSA,98010.0,0.455,-8.05,43.04,-85.78,MI,primary-based,path 2,low-low,low-low
Virginia Beach-Norfolk-Newport News VA-NC MSA,144800.0,0.4066,-4.97,36.8,-76.45,VA,primary-based,path 4,low-low,low-low
Bloomington-Normal IL MSA,15580.0,0.4847,-5.875,40.49,-88.84,IL,primary-based,path 2,low-high,low-high
Charleston-North Charleston SC MSA,79980.0,0.5577,-4.267,33.02,-80.01,SC,primary-based,path 4,high-high,low-high
Salisbury MD MSA,6083.0,0.5146,-0.2316,38.4,-75.48,MD,party registration,path 1,low-low,high-high
New Orleans-Metairie-Kenner LA MSA,95900.0,0.47,-2.651,30.05,-89.93,LA,party registration,path 4,low-high,low-high
Springfield MO MSA,36720.0,0.7089,-10.06,37.36,-93.18,MO,modelled by L2,path 2,high-high,low-low
Denver-Aurora CO MSA,420300.0,0.3607,-5.21,39.43,-104.9,CO,party registration,path 2,low-high,low-high
Lewiston-Auburn ME MSA,3568.0,0.4826,-4.448,44.17,-70.21,ME,party registration,path 2,low-low,low-low
Carson City NV MSA,3329.0,0.6058,-2.001,39.15,-119.7,NV,party registration,path 4,high-low,high-low
Lewiston ID-WA MSA,2032.0,0.7175,0.5509,46.25,-116.9,ID,party registration,path 1,high-low,high-low
Bay City MI MSA,4320.0,0.4637,-5.646,43.7,-83.98,MI,primary-based,path 2,low-low,low-low
Hinesville-Fort Stewart GA MSA,360.0,0.3967,-4.422,31.78,-81.58,GA,primary-based,path 4,low-high,low-high
Blacksburg-Christiansburg-Radford VA MSA,13990.0,0.3836,-8.63,37.12,-80.56,VA,primary-based,path 2,low-high,low-high
Oklahoma City OK MSA,109900.0,0.6243,-2.044,35.43,-97.51,OK,party registration,path 1,high-high,high-high
Victoria TX MSA,1896.0,0.6639,-4.224,28.73,-97.2,TX,primary-based,path 4,high-low,low-low
Vineland-Millville-Bridgeton NJ MSA,5298.0,0.4718,-1.452,39.33,-75.12,NJ,party registration,path 1,low-low,high-high
Barnstable Town MA MSA,12380.0,0.3311,-2.442,41.71,-70.16,MA,party registration,path 4,low-low,low-low
Columbus GA-AL MSA,2452.0,0.5018,-0.8406,32.42,-84.84,GA,primary-based,path 1,low-high,high-high
Prescott AZ MSA,7812.0,0.7269,0.994,34.63,-112.6,AZ,party registration,path 1,high-high,high-low
Joplin MO MSA,8137.0,0.823,-3.405,37.06,-94.34,MO,modelled by L2,path 4,high-high,low-low
Cape Coral-Fort Myers FL MSA,47340.0,0.6502,-1.701,26.56,-81.98,FL,party registration,path 1,high-high,high-high
San Antonio TX MSA,214800.0,0.4468,-4.716,29.43,-98.61,TX,primary-based,path 4,low-low,low-low
Grand Junction CO MSA,10890.0,0.7266,-2.952,39.02,-108.5,CO,party registration,path 4,high-low,low-low
Indianapolis-Carmel IN MSA,231400.0,0.519,-4.717,39.75,-86.21,IN,primary-based,path 4,low-high,low-high
Kansas City MO-KS MSA,256300.0,0.5246,-7.533,38.93,-94.44,MO,modelled by L2,path 2,low-high,low-low
Warner Robins GA MSA,957.0,0.599,0.8023,32.49,-83.71,GA,primary-based,path 1,high-low,high-high
Fort Smith AR-OK MSA,12720.0,0.7558,-0.1493,35.46,-94.3,AR,party registration,path 1,high-high,high-high
St. George UT MSA,8826.0,0.8672,-1.573,37.26,-113.5,UT,party registration,path 1,high-high,high-high
Mankato-North Mankato MN MSA,8158.0,0.5353,-6.943,44.15,-94.15,MN,modelled by L2,path 2,low-high,low-low
Hartford-West Hartford-East Hartford CT MSA,90900.0,0.3446,-4.019,41.72,-72.57,CT,party registration,path 4,low-low,low-low
Farmington NM MSA,3539.0,0.7033,-1.83,36.51,-108.3,NM,party registration,path 4,high-low,high-low
Ocala FL MSA,16560.0,0.6581,-1.324,29.2,-82.04,FL,party registration,path 1,high-high,high-low
Modesto CA MSA,22860.0,0.4653,-8.555,37.56,-121.0,CA,party registration,path 2,low-low,low-low
Odessa TX MSA,8040.0,0.5803,-4.439,31.87,-102.5,TX,primary-based,path 4,high-high,low-high
Fort Wayne IN MSA,42560.0,0.642,-2.83,41.11,-85.22,IN,primary-based,path 4,high-high,low-low
Buffalo-Niagara Falls NY MSA,77250.0,0.4014,-4.621,43.04,-78.78,NY,party registration,path 4,low-low,low-high
Winchester VA-WV MSA,8332.0,0.5732,-4.845,39.27,-78.47,VA,primary-based,path 2,high-low,low-high
Sumter SC MSA,4444.0,0.4992,-0.5057,33.79,-80.29,SC,primary-based,path 1,low-low,high-low
Sioux City IA-NE-SD MSA,7333.0,0.6714,-1.247,42.51,-96.44,IA,party registration,path 1,high-high,high-low
Dubuque IA MSA,9223.0,0.5113,-1.315,42.46,-90.88,IA,party registration,path 1,low-low,high-low
Visalia-Porterville CA MSA,13450.0,0.5775,-3.92,36.23,-118.8,CA,party registration,path 4,high-low,low-low
Midland TX MSA,16320.0,0.6571,-3.799,32.09,-102.0,TX,primary-based,path 4,high-high,low-high
Wichita Falls TX MSA,6816.0,0.8982,3.989,33.78,-98.5,TX,primary-based,path 3,high-high,high-high
Weirton-Steubenville WV-OH MSA,3976.0,0.641,2.297,40.39,-80.7,WV,party registration,path 3,high-low,high-high
Reading PA MSA,25440.0,0.5392,-2.439,40.41,-75.93,PA,party registration,path 4,low-low,low-high
Huntington-Ashland WV-KY-OH MSA,9665.0,0.6005,0.8634,38.41,-82.54,WV,party registration,path 1,high-high,high-high
Niles-Benton Harbor MI MSA,6838.0,0.4858,-6.405,41.79,-86.74,MI,primary-based,path 2,low-low,low-low
Boulder CO MSA,53270.0,0.242,-2.783,40.09,-105.4,CO,party registration,path 4,low-high,low-high
Bend OR MSA,20960.0,0.4088,-5.048,43.92,-121.2,OR,party registration,path 2,low-low,low-low
Kingsport-Bristol-Bristol TN-VA MSA,10050.0,0.8211,0.7282,36.6,-82.44,TN,primary-based,path 1,high-high,high-low
Spokane WA MSA,47370.0,0.4466,-4.531,48.09,-117.7,WA,primary-based,path 4,low-low,low-low
Columbia SC MSA,59380.0,0.4636,-3.483,34.08,-81.04,SC,primary-based,path 4,low-high,low-low
Shreveport-Bossier City LA MSA,19390.0,0.6002,-0.3688,32.44,-93.74,LA,party registration,path 1,high-high,high-high
St. Cloud MN MSA,15070.0,0.6889,-2.795,45.59,-94.49,MN,modelled by L2,path 4,high-low,low-low
Salinas CA MSA,22740.0,0.3142,-1.876,36.24,-121.3,CA,party registration,path 1,low-low,high-low
Ann Arbor MI MSA,59280.0,0.2378,-5.734,42.25,-83.84,MI,primary-based,path 2,low-low,low-low
Lakeland FL MSA,34730.0,0.6027,-2.76,27.95,-81.69,FL,party registration,path 4,high-high,low-high
Asheville NC MSA,37270.0,0.4267,-2.973,35.6,-82.68,NC,party registration,path 4,low-high,low-high
Topeka KS MSA,17050.0,0.6033,-1.71,39.04,-95.8,KS,party registration,path 1,high-high,high-high
Greenville NC MSA,15480.0,0.4504,-1.04,35.59,-77.37,NC,party registration,path 1,low-low,high-high
Knoxville TN MSA,74240.0,0.6648,-2.456,36.01,-84.21,TN,primary-based,path 4,high-high,low-high
Columbus IN MSA,574.0,0.7332,7.527,39.21,-85.9,IN,primary-based,path 3,high-high,high-high
Flagstaff AZ MSA,10800.0,0.3625,-2.664,35.83,-111.8,AZ,party registration,path 4,low-high,low-high
Augusta-Richmond County GA-SC MSA,12790.0,0.6086,-2.149,33.46,-81.98,GA,primary-based,path 1,high-high,high-low
Sioux Falls SD MSA,26770.0,0.6714,-0.2525,43.5,-97.0,SD,party registration,path 1,high-high,high-low
Youngstown-Warren-Boardman OH-PA MSA,22270.0,0.5206,-0.2436,41.24,-80.56,OH,primary-based,path 1,low-high,high-high
Wichita KS MSA,52810.0,0.6677,-2.699,37.64,-97.25,KS,party registration,path 4,high-high,low-high
Poughkeepsie-Newburgh-Middletown NY MSA,41970.0,0.4329,-3.746,41.58,-74.03,NY,party registration,path 4,low-low,low-low
Syracuse NY MSA,57400.0,0.4468,-3.316,43.01,-76.2,NY,party registration,path 4,low-low,low-low
Ogden-Clearfield UT MSA,33090.0,0.8096,-2.357,41.62,-113.1,UT,party registration,path 4,high-high,low-high
Allentown-Bethlehem-Easton PA-NJ MSA,70820.0,0.4899,-2.859,40.79,-75.4,PA,party registration,path 4,low-low,low-low
Waco TX MSA,19500.0,0.641,-2.158,31.43,-97.09,TX,primary-based,path 1,high-high,high-low
Raleigh-Cary NC MSA,205700.0,0.3867,-2.687,35.76,-78.46,NC,party registration,path 4,low-low,low-high
Gadsden AL MSA,3521.0,0.7599,-0.5979,34.05,-86.03,AL,modelled by L2,path 1,high-high,high-high
Lexington-Fayette KY MSA,58630.0,0.4573,-2.228,38.1,-84.44,KY,party registration,path 4,low-high,high-high
Boston-Cambridge-Quincy MA-NH MSA,625900.0,0.2332,-2.592,42.52,-71.02,MA,party registration,path 4,low-low,low-low
Portland-Vancouver-Beaverton OR-WA MSA,296100.0,0.2692,-3.971,45.6,-122.5,OR,party registration,path 4,low-low,low-low
Lima OH MSA,1286.0,0.7945,2.215,40.77,-84.11,OH,primary-based,path 3,high-high,high-low
Fresno CA MSA,46100.0,0.507,-4.082,36.76,-119.7,CA,party registration,path 4,low-low,low-low
Minneapolis-St. Paul-Bloomington MN-WI MSA,381700.0,0.4746,-9.436,45.1,-93.28,MN,modelled by L2,path 2,low-high,low-low
New York-Northern New Jersey-Long Island NY-NJ-PA MSA,1768000.0,0.2964,-2.621,40.77,-73.87,NY,party registration,path 4,low-low,low-low
Chicago-Naperville-Joliet IL-IN-WI MSA,915800.0,0.2742,-4.449,41.82,-87.83,IL,primary-based,path 4,low-low,low-low
Fort Collins-Loveland CO MSA,47160.0,0.4213,-4.218,40.66,-105.5,CO,party registration,path 4,low-high,low-high
Danville IL MSA,724.0,0.7458,3.024,40.19,-87.73,IL,primary-based,path 3,high-high,high-high
Hagerstown-Martinsburg MD-WV MSA,12710.0,0.6287,-1.404,39.55,-77.98,MD,party registration,path 1,high-high,high-high
Little Rock-North Little Rock-Conway AR MSA,56440.0,0.5474,-1.447,34.76,-92.4,AR,party registration,path 1,high-high,high-high
Greensboro-High Point NC MSA,67150.0,0.4725,-2.614,36.03,-79.79,NC,party registration,path 4,low-low,low-low
Omaha-Council Bluffs NE-IA MSA,110800.0,0.5644,-3.151,41.29,-96.0,NE,party registration,path 4,high-high,low-high
Burlington-South Burlington VT MSA,23620.0,0.2046,-5.39,44.69,-73.04,VT,modelled by L2,path 2,low-low,low-low
Provo-Orem UT MSA,62150.0,0.8553,-1.361,39.87,-112.4,UT,party registration,path 1,high-high,high-high
Tuscaloosa AL MSA,16620.0,0.5675,-1.522,33.1,-87.8,AL,modelled by L2,path 1,high-high,high-high
Bangor ME MSA,4475.0,0.5122,-3.857,45.41,-68.67,ME,party registration,path 4,low-low,low-low
Brunswick GA MSA,444.0,0.7228,5.75,31.3,-81.59,GA,primary-based,path 3,high-high,high-high
Manhattan KS MSA,3494.0,0.6603,3.804,39.27,-96.56,KS,party registration,path 3,high-high,high-low
Green Bay WI MSA,32540.0,0.7338,-2.435,44.47,-88.0,WI,modelled by L2,path 4,high-high,low-low
Texarkana TX-Texarkana AR MSA,4785.0,0.7222,-0.2608,33.48,-94.21,AR,party registration,path 1,high-high,high-high
Merced CA MSA,7874.0,0.4375,-4.134,37.19,-120.7,CA,party registration,path 4,low-low,low-low
Springfield MA MSA,39080.0,0.2729,-1.389,42.36,-72.62,MA,party registration,path 1,low-low,high-low
Rocky Mount NC MSA,5879.0,0.4113,-1.95,35.94,-77.8,NC,party registration,path 1,low-low,high-high
Owensboro KY MSA,6638.0,0.5666,0.9394,37.69,-87.08,KY,party registration,path 1,high-high,high-high
Nashville-Davidson-Murfreesboro-Franklin TN MSA,233500.0,0.5461,-4.204,36.12,-86.64,TN,primary-based,path 4,high-high,low-high
Tampa-St. Petersburg-Clearwater FL,266300.0,0.5213,-2.986,28.12,-82.53,FL,party registration,path 4,low-high,low-high
Albuquerque NM MSA,58820.0,0.3904,-3.523,35.12,-106.5,NM,party registration,path 4,low-low,low-low
Cincinnati-Middletown OH-KY-IN MSA,223600.0,0.5653,-3.673,39.1,-84.48,OH,primary-based,path 4,high-high,low-high
Pine Bluff AR MSA,2494.0,0.4387,0.6431,34.08,-91.95,AR,party registration,path 1,low-high,high-high
Columbia MO MSA,21160.0,0.4513,-13.24,38.99,-92.59,MO,modelled by L2,path 2,low-high,low-low
Napa CA MSA,9989.0,0.2922,-1.707,38.51,-122.3,CA,party registration,path 1,low-low,high-low
Auburn-Opelika AL MSA,4212.0,0.6261,0.3245,32.6,-85.35,AL,modelled by L2,path 1,high-high,high-high
Champaign-Urbana IL MSA,20000.0,0.3953,-2.99,40.1,-88.32,IL,primary-based,path 4,low-high,low-high
Punta Gorda FL MSA,3454.0,0.6825,-2.609,26.91,-82.0,FL,party registration,path 1,high-high,low-high
Toledo OH MSA,44770.0,0.4751,-3.785,41.56,-83.52,OH,primary-based,path 4,low-high,low-low
Santa Rosa-Petaluma CA MSA,32520.0,0.2431,-0.9373,38.53,-122.9,CA,party registration,path 1,low-low,high-low
Jackson MI MSA,2114.0,0.5924,-3.037,42.25,-84.42,MI,primary-based,path 4,high-low,low-low
Flint MI MSA,17150.0,0.3585,-5.229,43.02,-83.71,MI,primary-based,path 2,low-low,low-low
Mobile AL MSA,25840.0,0.6067,-1.124,30.97,-88.21,AL,modelled by L2,path 1,high-high,high-high
Santa Barbara-Santa Maria-Goleta CA MSA,34280.0,0.3024,-2.974,34.54,-120.0,CA,party registration,path 4,low-low,low-low
Pocatello ID MSA,5016.0,0.7175,-0.3713,42.69,-112.6,ID,party registration,path 1,high-high,high-high
Muskegon-Norton Shores MI MSA,8486.0,0.4386,-6.059,43.43,-86.42,MI,primary-based,path 2,low-high,low-low
Binghamton NY MSA,15740.0,0.4847,-4.625,42.16,-76.02,NY,party registration,path 4,low-low,low-high
Clarksville TN-KY MSA,16950.0,0.5803,-1.646,36.7,-87.62,TN,primary-based,path 1,high-high,high-high
Wenatchee WA MSA,6221.0,0.5057,-4.535,47.77,-120.3,WA,primary-based,path 4,low-low,low-low
Utica-Rome NY MSA,14310.0,0.5735,-3.589,43.33,-75.17,NY,party registration,path 4,high-low,low-low
Deltona-Daytona Beach-Ormond Beach FL MSA,27900.0,0.6032,-1.065,29.18,-81.19,FL,party registration,path 1,high-high,high-low
Beaumont-Port Arthur TX MSA,17900.0,0.622,-2.236,30.08,-94.2,TX,primary-based,path 4,high-high,high-high
Davenport-Moline-Rock Island IA-IL MSA,25380.0,0.49,-2.328,41.39,-90.46,IA,party registration,path 4,low-low,high-low
College Station-Bryan TX MSA,21460.0,0.6078,-5.224,30.75,-96.49,TX,primary-based,path 2,high-high,low-low
McAllen-Edinburg-Mission TX MSA,13130.0,0.1245,-2.736,26.4,-98.18,TX,primary-based,path 4,low-low,low-low
Bloomington IN MSA,20100.0,0.3843,-0.9333,39.24,-86.67,IN,primary-based,path 1,low-high,high-high
Rochester NY MSA,97340.0,0.4402,-3.388,43.15,-77.52,NY,party registration,path 4,low-low,low-low
Sherman-Denison TX MSA,6161.0,0.7682,-2.918,33.62,-96.68,TX,primary-based,path 4,high-high,low-high
Cumberland MD-WV MSA,3318.0,0.6467,0.4403,39.53,-78.81,MD,party registration,path 1,high-low,high-low
Lincoln NE MSA,35400.0,0.5435,-1.529,40.82,-96.87,NE,party registration,path 1,high-high,high-high
Atlantic City NJ MSA,11510.0,0.4613,-3.493,39.47,-74.63,NJ,party registration,path 4,low-low,low-high
Athens-Clark County GA MSA,1856.0,0.5148,4.05,33.94,-83.21,GA,primary-based,path 3,low-high,high-low
Peoria IL MSA,24130.0,0.5876,-1.875,40.71,-89.7,IL,primary-based,path 1,high-low,high-high
Jackson MS MSA,41630.0,0.5317,-0.8338,32.43,-90.2,MS,primary-based,path 1,low-high,high-high
Yakima WA MSA,9827.0,0.4608,-6.214,46.46,-120.7,WA,primary-based,path 2,low-low,low-low
Lafayette IN MSA,21460.0,0.5327,-3.869,40.48,-87.02,IN,primary-based,path 4,low-high,low-high
Sheboygan WI MSA,9752.0,0.7432,-2.036,43.74,-87.73,WI,modelled by L2,path 1,high-high,high-low
Worcester MA MSA,59420.0,0.3198,-3.544,42.22,-71.93,MA,party registration,path 4,low-low,low-low
Appleton WI MSA,25540.0,0.7283,-2.795,44.29,-88.37,WI,modelled by L2,path 4,high-high,low-high
Baltimore-Towson MD MSA,257800.0,0.3445,-2.63,39.3,-76.55,MD,party registration,path 4,low-low,low-low
Miami-Fort Lauderdale-Pompano Beach FL MSA,391100.0,0.3959,-1.103,26.1,-80.48,FL,party registration,path 1,low-high,high-high
Oxnard-Thousand Oaks-Ventura CA MSA,55960.0,0.3982,-3.329,34.36,-119.1,CA,party registration,path 4,low-low,low-low
Lansing-East Lansing MI MSA,52990.0,0.3094,-6.801,42.77,-84.5,MI,primary-based,path 2,low-low,low-low
Tulsa OK MSA,86600.0,0.6736,-1.415,36.25,-96.18,OK,party registration,path 1,high-high,high-low
Decatur IL MSA,727.0,0.6902,4.113,39.86,-88.96,IL,primary-based,path 3,high-high,high-low
Cleveland TN MSA,1287.0,0.7837,2.411,35.14,-84.66,TN,primary-based,path 3,high-high,high-high
Charlotte-Gastonia-Concord NC-SC MSA,291200.0,0.4453,-4.039,35.17,-80.8,NC,party registration,path 4,low-high,low-low
Riverside-San Bernardino-Ontario CA MSA,189200.0,0.459,-4.493,34.54,-116.1,CA,party registration,path 4,low-low,low-low
Washington-Arlington-Alexandria DC-VA-MD-WV MSA,600600.0,0.2595,-3.611,38.8,-77.49,DC,party registration,path 4,low-low,low-low
Amarillo TX MSA,15430.0,0.74,-2.382,35.25,-101.9,TX,primary-based,path 4,high-high,low-high
Tucson AZ MSA,79860.0,0.4122,-3.722,32.13,-111.8,AZ,party registration,path 4,low-low,low-low
Trenton-Ewing NJ MSA,33920.0,0.2777,-2.214,40.28,-74.7,NJ,party registration,path 4,low-low,high-high
Fayetteville-Springdale-Rogers AR-MO MSA,56600.0,0.6265,-4.318,36.12,-94.08,AR,party registration,path 4,high-high,low-high
Gainesville GA MSA,902.0,0.7588,4.842,34.32,-83.82,GA,primary-based,path 3,high-high,high-high
Monroe MI MSA,3229.0,0.586,-5.217,41.92,-83.49,MI,primary-based,path 4,high-low,low-low
Michigan City-La Porte IN MSA,4625.0,0.4916,-2.493,41.55,-86.74,IN,primary-based,path 4,low-low,low-low
Madera CA MSA,1230.0,0.6407,-1.114,37.21,-119.7,CA,party registration,path 1,high-low,high-low
Johnstown PA MSA,5776.0,0.6268,0.483,40.51,-78.71,PA,party registration,path 1,high-high,high-high
Medford OR MSA,10420.0,0.5753,-2.827,42.41,-122.7,OR,party registration,path 4,high-low,low-low
Bremerton-Silverdale WA MSA,15380.0,0.3708,-4.094,47.64,-122.6,WA,primary-based,path 4,low-low,low-low
Ithaca NY MSA,13370.0,0.2193,-2.69,42.45,-76.47,NY,party registration,path 4,low-low,low-low
Scranton--Wilkes-Barre PA MSA,25830.0,0.472,-0.5921,41.32,-75.9,PA,party registration,path 1,low-low,high-low
Durham NC MSA,82100.0,0.2367,-2.31,36.06,-78.99,NC,party registration,path 4,low-low,high-high
Pittsfield MA MSA,8220.0,0.1543,-1.369,42.37,-73.22,MA,party registration,path 1,low-low,high-low
Lafayette LA MSA,22260.0,0.6905,-0.2004,29.96,-92.05,LA,party registration,path 1,high-high,high-high
Lancaster PA MSA,42530.0,0.5834,-2.566,40.04,-76.25,PA,party registration,path 4,high-low,low-low
Oshkosh-Neenah WI MSA,16400.0,0.6541,-2.808,44.09,-88.67,WI,modelled by L2,path 4,high-high,low-high
Fairbanks AK MSA,5823.0,0.6425,-0.7638,64.68,-146.5,AK,party registration,path 1,high-low,high-low
Johnson City TN MSA,12270.0,0.7644,-0.6796,36.27,-82.33,TN,primary-based,path 1,high-high,high-low
Logan UT-ID MSA,9881.0,0.8253,-1.121,41.89,-111.8,UT,party registration,path 1,high-high,high-high
Mount Vernon-Anacortes WA MSA,5625.0,0.372,-4.468,48.49,-121.8,WA,primary-based,path 4,low-low,low-low
Lawrence KS MSA,1531.0,0.4484,0.8424,38.9,-95.29,KS,party registration,path 3,low-high,high-low
Pensacola-Ferry Pass-Brent FL MSA,37720.0,0.6866,-1.259,30.61,-87.16,FL,party registration,path 1,high-high,high-high
Fargo ND-MN MSA,23220.0,0.4731,-5.089,46.91,-96.96,ND,modelled by L2,path 2,low-high,low-low
Elmira NY MSA,2310.0,0.6123,-1.546,42.15,-76.75,NY,party registration,path 1,high-low,high-low
Sacramento-Arden-Arcade-Roseville CA MSA,197000.0,0.3901,-4.235,38.79,-121.0,CA,party registration,path 4,low-low,low-low
Milwaukee-Waukesha-West Allis WI MSA,188400.0,0.5926,-3.198,42.91,-87.86,WI,modelled by L2,path 4,high-low,low-low
San Diego-Carlsbad-San Marcos CA MSA,373700.0,0.3691,-4.343,33.02,-116.8,CA,party registration,path 4,low-low,low-low
Decatur AL MSA,1810.0,0.794,-0.8548,34.49,-87.1,AL,modelled by L2,path 1,high-high,high-high
Fond du Lac WI MSA,1473.0,0.7799,1.071,43.75,-88.49,WI,modelled by L2,path 1,high-high,high-low
Anniston-Oxford AL MSA,2999.0,0.7164,-0.8588,33.77,-85.83,AL,modelled by L2,path 1,high-high,high-high
Dothan AL MSA,6035.0,0.755,0.4032,31.25,-85.47,AL,modelled by L2,path 1,high-high,high-high
La Crosse WI-MN MSA,13190.0,0.5444,-4.891,43.78,-91.32,WI,modelled by L2,path 4,high-low,low-low
Muncie IN MSA,7929.0,0.5383,-1.197,40.23,-85.4,IN,primary-based,path 1,low-high,high-high
Billings MT MSA,11180.0,0.7094,-3.027,45.64,-108.8,MT,modelled by L2,path 4,high-high,low-high
Cedar Rapids IA MSA,26020.0,0.4689,-2.537,42.09,-91.63,IA,party registration,path 4,low-low,low-low
Stockton CA MSA,28240.0,0.4214,-3.965,37.93,-121.3,CA,party registration,path 4,low-low,low-low
Dover DE MSA,8420.0,0.4444,-3.595,39.1,-75.5,DE,party registration,path 4,low-low,low-high
Abilene TX MSA,9521.0,0.9004,3.051,32.45,-99.72,TX,primary-based,path 3,high-high,high-high
Jacksonville NC MSA,4580.0,0.7198,3.736,34.76,-77.5,NC,party registration,path 3,high-low,high-high
Alexandria LA MSA,2453.0,0.7414,1.031,31.33,-92.55,LA,party registration,path 1,high-high,high-high
San Luis Obispo-Paso Robles CA MSA,23580.0,0.4099,-2.955,35.39,-120.4,CA,party registration,path 4,low-low,low-low
Naples-Marco Island FL MSA,2465.0,0.7064,-0.7275,26.12,-81.4,FL,party registration,path 1,high-high,high-high
Santa Fe NM MSA,9598.0,0.1843,-1.207,35.51,-106.0,NM,party registration,path 1,low-low,high-low
Killeen-Temple-Fort Hood TX MSA,23990.0,0.5535,-1.208,31.2,-97.79,TX,primary-based,path 1,high-high,high-low
Wausau WI MSA,9420.0,0.7141,-0.799,45.05,-89.76,WI,modelled by L2,path 1,high-high,high-high
Baton Rouge LA MSA,63180.0,0.581,-1.197,30.52,-91.13,LA,party registration,path 1,high-high,high-high
El Paso TX MSA,37960.0,0.1739,-6.01,31.53,-105.5,TX,primary-based,path 2,low-low,low-low
Brownsville-Harlingen TX MSA,10120.0,0.1701,-3.878,26.1,-97.48,TX,primary-based,path 4,low-low,low-low
Terre Haute IN MSA,10260.0,0.5718,-0.1689,39.48,-87.31,IN,primary-based,path 1,high-high,high-high
Anchorage AK MSA,28780.0,0.6061,-2.359,62.21,-149.7,AK,party registration,path 4,high-low,low-low
Hickory-Lenoir-Morganton NC MSA,18350.0,0.727,-0.07313,35.81,-81.46,NC,party registration,path 1,high-high,high-low
Norwich-New London CT MSA,19470.0,0.3837,-4.204,41.47,-72.11,CT,party registration,path 4,low-low,low-low
New Haven-Milford CT MSA,60080.0,0.336,-4.193,41.35,-72.9,CT,party registration,path 4,low-low,low-low
Racine WI MSA,11760.0,0.573,-3.013,42.78,-87.77,WI,modelled by L2,path 4,high-high,low-low
Santa Cruz-Watsonville CA MSA,9037.0,0.2198,-0.4426,37.01,-122.0,CA,party registration,path 1,low-low,high-low
Lebanon PA MSA,11260.0,0.6592,-1.936,40.37,-76.46,PA,party registration,path 1,high-low,high-high
Laredo TX MSA,6790.0,0.09207,-1.844,27.76,-99.34,TX,primary-based,path 1,low-low,high-low
Roanoke VA MSA,27540.0,0.5346,-4.34,37.29,-79.95,VA,primary-based,path 4,low-low,low-low
Kennewick-Richland-Pasco WA MSA,19320.0,0.534,-5.312,46.36,-119.3,WA,primary-based,path 2,low-low,low-low
Vallejo-Fairfield CA MSA,19130.0,0.3458,-2.669,38.27,-121.9,CA,party registration,path 4,low-low,low-low
Los Angeles-Long Beach-Santa Ana CA MSA,964100.0,0.3118,-3.695,34.11,-118.2,CA,party registration,path 4,low-low,low-low
San Jose-Sunnyvale-Santa Clara CA MSA,218400.0,0.2288,-1.964,36.91,-121.4,CA,party registration,path 1,low-low,high-low
Madison WI MSA,108600.0,0.431,-2.744,43.08,-89.6,WI,modelled by L2,path 4,low-high,low-low
San Francisco-Oakland-Fremont CA MSA,403000.0,0.1874,-1.194,37.77,-122.3,CA,party registration,path 1,low-low,high-low
Austin-Round Rock TX MSA,360700.0,0.35,-4.66,30.25,-97.65,TX,primary-based,path 4,low-high,low-low
Coeur d'Alene ID MSA,3638.0,0.8432,0.6172,47.68,-116.7,ID,party registration,path 1,high-low,high-low
Hattiesburg MS MSA,9126.0,0.6339,-1.448,31.27,-89.3,MS,primary-based,path 1,high-high,high-high
Redding CA MSA,8339.0,0.6924,-0.5339,40.76,-122.0,CA,party registration,path 1,high-low,high-low
Winston-Salem NC MSA,11400.0,0.659,-0.9754,36.08,-80.35,NC,party registration,path 1,high-low,high-low
Missoula MT MSA,11510.0,0.4468,-5.732,47.03,-113.9,MT,modelled by L2,path 2,low-high,low-low
Gainesville FL MSA,31830.0,0.3799,-2.385,29.45,-82.67,FL,party registration,path 4,low-high,low-high
Rochester MN MSA,20300.0,0.5605,-9.859,43.95,-92.33,MN,modelled by L2,path 2,high-high,low-low
Harrisburg-Carlisle PA MSA,60020.0,0.5488,-2.799,40.34,-77.05,PA,party registration,path 4,high-high,low-high
Altoona PA MSA,7267.0,0.7099,-0.3142,40.5,-78.31,PA,party registration,path 1,high-high,high-high
Dayton OH MSA,75580.0,0.5989,-2.516,39.83,-84.14,OH,primary-based,path 4,high-high,low-high
Panama City-Lynn Haven FL MSA,4522.0,0.7541,-1.051,30.16,-85.53,FL,party registration,path 1,high-high,high-high
Lake Havasu City-Kingman AZ MSA,5495.0,0.8015,-1.411,35.72,-113.7,AZ,party registration,path 1,high-low,high-low
Fort Walton Beach-Crestview-Destin FL MSA,13030.0,0.7561,-1.195,30.59,-86.36,FL,party registration,path 1,high-high,high-high
Idaho Falls ID MSA,9335.0,0.8542,-1.592,43.62,-112.4,ID,party registration,path 1,high-high,high-low
Lynchburg VA MSA,17890.0,0.6126,-2.143,37.36,-79.22,VA,primary-based,path 4,high-low,high-low
Evansville IN-KY MSA,26810.0,0.611,-1.639,38.02,-87.59,IN,primary-based,path 1,high-high,high-high
Greeley CO MSA,16380.0,0.6189,-3.008,40.56,-104.4,CO,party registration,path 4,high-high,low-high
Williamsport PA MSA,7432.0,0.6843,-1.223,41.34,-77.06,PA,party registration,path 1,high-low,high-low
Birmingham-Hoover AL MSA,26310.0,0.6686,-0.5769,33.4,-86.73,AL,modelled by L2,path 1,high-high,high-high
Manchester-Nashua NH MSA,23630.0,0.5022,-0.9624,42.91,-71.72,NH,party registration,path 1,low-low,high-low
Las Cruces NM MSA,9357.0,0.3738,-2.95,32.35,-106.8,NM,party registration,path 4,low-low,low-low
Houston-Sugar Land-Baytown TX MSA,543000.0,0.482,-4.491,29.75,-95.35,TX,primary-based,path 4,low-high,low-low
Philadelphia-Camden-Wilmington PA-NJ-DE-MD MSA,563600.0,0.3471,-2.922,39.89,-75.31,PA,party registration,path 4,low-low,low-high
Columbus OH MSA,240800.0,0.4382,-5.257,39.97,-82.84,OH,primary-based,path 2,low-high,low-high
Rome GA MSA,598.0,0.7432,6.963,34.26,-85.21,GA,primary-based,path 3,high-high,high-high
Mansfield OH MSA,984.0,0.7881,0.9113,40.77,-82.54,OH,primary-based,path 3,high-high,high-low
Charleston WV MSA,13250.0,0.5752,0.06332,38.36,-81.62,WV,party registration,path 1,high-high,high-high
Lubbock TX MSA,26320.0,0.64,-2.637,33.47,-101.6,TX,primary-based,path 4,high-high,low-high
Bellingham WA MSA,20350.0,0.2955,-5.29,48.84,-121.8,WA,primary-based,path 2,low-low,low-low
Cleveland-Elyria-Mentor OH MSA,211100.0,0.4153,-4.408,41.56,-81.6,OH,primary-based,path 4,low-high,low-high
Jacksonville FL MSA,147800.0,0.5842,-1.821,30.24,-81.75,FL,party registration,path 1,high-low,high-high
Lake Charles LA MSA,16680.0,0.6516,0.1805,29.98,-93.25,LA,party registration,path 1,high-high,high-high
Seattle-Tacoma-Bellevue WA MSA,488400.0,0.2264,-3.707,47.49,-121.8,WA,primary-based,path 4,low-low,low-low
Longview WA MSA,2221.0,0.5426,-2.216,46.2,-122.7,WA,primary-based,path 4,high-low,high-low
Houma-Bayou Cane-Thibodaux LA MSA,9719.0,0.7552,1.793,29.33,-90.84,LA,party registration,path 3,high-high,high-high
Yuba City CA MSA,4698.0,0.5968,-2.886,39.16,-121.5,CA,party registration,path 4,high-low,low-low
Saginaw-Saginaw Township North MI MSA,11690.0,0.4464,-5.432,43.33,-84.06,MI,primary-based,path 2,low-low,low-low
Salem OR MSA,22530.0,0.4603,-3.244,44.9,-122.9,OR,party registration,path 4,low-low,low-low
Longview TX MSA,11750.0,0.7383,-1.058,32.43,-94.68,TX,primary-based,path 1,high-high,high-high
Bridgeport-Stamford-Norwalk CT MSA,75500.0,0.3604,-2.284,41.23,-73.37,CT,party registration,path 4,low-low,high-low
Harrisonburg VA MSA,9008.0,0.4603,-6.635,38.51,-78.89,VA,primary-based,path 2,low-low,low-low
Kingston NY MSA,5772.0,0.3381,-1.33,41.95,-74.27,NY,party registration,path 1,low-low,high-low
Dallas-Fort Worth-Arlington TX MSA,613100.0,0.5205,-4.038,32.85,-96.97,TX,primary-based,path 4,low-high,low-high
St. Louis MO-IL MSA,268600.0,0.5158,-8.973,38.74,-90.35,MO,modelled by L2,path 2,low-high,low-low
Albany GA MSA,428.0,0.5102,-0.1585,31.64,-84.11,GA,primary-based,path 1,low-high,high-high
Hot Springs AR MSA,1890.0,0.7226,3.885,34.58,-93.15,AR,party registration,path 3,high-high,high-high
El Centro CA MSA,3748.0,0.3526,-3.043,33.04,-115.4,CA,party registration,path 4,low-low,low-low
Pueblo CO MSA,7765.0,0.483,-2.208,38.16,-104.5,CO,party registration,path 4,low-low,high-low
Hanford-Corcoran CA MSA,3648.0,0.5898,-3.548,36.07,-119.8,CA,party registration,path 4,high-low,low-low
Yuma AZ MSA,6473.0,0.5599,-3.622,32.77,-113.9,AZ,party registration,path 4,high-low,low-low
Jonesboro AR MSA,5322.0,0.6858,-0.7053,35.7,-90.65,AR,party registration,path 1,high-high,high-high
Dalton GA MSA,735.0,0.8232,5.209,34.8,-84.86,GA,primary-based,path 3,high-high,high-high
Myrtle Beach-Conway-North Myrtle Beach SC MSA,21970.0,0.6415,-5.116,33.97,-78.61,SC,primary-based,path 4,high-low,low-high
Providence-New Bedford-Fall River RI-MA MSA,117400.0,0.2853,-3.614,41.71,-71.29,RI,party registration,path 4,low-low,low-low
Atlanta-Sandy Springs-Marietta GA MSA,224300.0,0.3834,-3.792,33.69,-84.4,GA,primary-based,path 4,low-high,low-high
Las Vegas-Paradise NV MSA,186400.0,0.456,-3.994,36.21,-115.0,NV,party registration,path 4,low-high,low-low
Wheeling WV-OH MSA,5237.0,0.639,1.526,39.98,-80.85,WV,party registration,path 3,high-high,high-high
Pittsburgh PA MSA,258900.0,0.4566,-2.656,40.44,-79.84,PA,party registration,path 4,low-high,low-high
Glens Falls NY MSA,6394.0,0.5578,-1.394,43.44,-73.64,NY,party registration,path 1,high-low,high-low
Florence-Muscle Shoals AL MSA,6595.0,0.7171,-1.519,34.8,-87.72,AL,modelled by L2,path 1,high-high,high-high
Cape Girardeau-Jackson MO-IL MSA,4642.0,0.7434,-5.306,37.33,-89.76,MO,modelled by L2,path 2,high-high,low-low
Cheyenne WY MSA,6400.0,0.8044,1.266,41.29,-104.7,WY,party registration,path 3,high-low,high-low
Kokomo IN MSA,6082.0,0.71,-0.8988,40.48,-86.11,IN,primary-based,path 1,high-high,high-high
Grand Forks ND-MN MSA,6251.0,0.446,-5.125,47.84,-96.84,ND,modelled by L2,path 2,low-high,low-low
Battle Creek MI MSA,7765.0,0.4672,-5.472,42.24,-85.01,MI,primary-based,path 2,low-low,low-low
Casper WY MSA,6730.0,0.7929,1.955,42.98,-106.8,WY,party registration,path 3,high-high,high-high
South Bend-Mishawaka IN-MI MSA,25410.0,0.4649,-3.044,41.77,-86.12,IN,primary-based,path 4,low-low,low-low
Tallahassee FL MSA,39750.0,0.3929,-1.762,30.35,-84.27,FL,party registration,path 1,low-high,high-high
Elkhart-Goshen IN MSA,13120.0,0.6893,-2.085,41.6,-85.86,IN,primary-based,path 1,high-low,high-low
Eau Claire WI MSA,14740.0,0.6031,-1.678,44.94,-91.28,WI,modelled by L2,path 4,high-high,high-low
Ames IA MSA,10700.0,0.4236,-1.596,42.04,-93.7,IA,party registration,path 1,low-low,high-low
Florence SC MSA,9908.0,0.5272,-1.892,34.15,-79.81,SC,primary-based,path 1,low-low,high-low
Morristown TN MSA,2504.0,0.84,0.8512,36.17,-83.42,TN,primary-based,path 1,high-high,high-high
Springfield IL MSA,13630.0,0.5569,-2.957,39.83,-89.7,IL,primary-based,path 4,high-high,low-high
Reno-Sparks NV MSA,42260.0,0.5154,-3.773,40.5,-119.7,NV,party registration,path 4,low-low,low-low
Elizabethtown KY MSA,6659.0,0.5937,1.143,37.73,-85.97,KY,party registration,path 1,high-high,high-high
Kalamazoo-Portage MI MSA,35510.0,0.3717,-7.815,42.25,-85.53,MI,primary-based,path 2,low-low,low-low
Wilmington NC MSA,40350.0,0.5581,-1.995,34.43,-77.89,NC,party registration,path 1,high-low,high-high
Colorado Springs CO MSA,74560.0,0.6056,-3.307,38.85,-104.6,CO,party registration,path 4,high-low,low-low
Richmond VA MSA,160600.0,0.3923,-6.285,37.41,-77.44,VA,primary-based,path 2,low-low,low-low
Eugene-Springfield OR MSA,30960.0,0.3128,-2.789,43.93,-122.9,OR,party registration,path 4,low-low,low-low
Sarasota-Bradenton-Venice FL MSA,54530.0,0.6354,-1.153,27.33,-82.41,FL,party registration,path 1,high-high,high-high
Memphis TN-AR-MS MSA,104300.0,0.4449,-2.995,35.02,-89.87,TN,primary-based,path 4,low-high,low-high
Portland-South Portland-Biddeford ME MSA,31880.0,0.3507,-3.119,43.65,-70.42,ME,party registration,path 4,low-low,low-low
Springfield OH MSA,6272.0,0.6547,0.7621,39.92,-83.78,OH,primary-based,path 1,high-high,high-high
Albany-Schenectady-Troy NY MSA,79480.0,0.3784,-3.884,42.79,-73.94,NY,party registration,path 4,low-low,low-low
Greenville-Mauldin-Easley SC MSA,76080.0,0.6522,-5.309,34.68,-82.41,SC,primary-based,path 2,high-high,low-high
Akron OH MSA,54270.0,0.4775,-3.771,41.15,-81.35,OH,primary-based,path 4,low-high,low-high
Chattanooga TN-GA MSA,47000.0,0.6294,-3.147,35.05,-85.36,TN,primary-based,path 4,high-high,low-high
Phoenix-Mesa-Scottsdale AZ MSA,415900.0,0.5345,-3.591,33.19,-112.1,AZ,party registration,path 4,low-low,low-low
Fayetteville NC MSA,19190.0,0.4008,-2.514,35.16,-78.93,NC,party registration,path 4,low-low,low-high
Detroit-Warren-Livonia MI MSA,357200.0,0.3617,-7.377,42.72,-83.2,MI,primary-based,path 2,low-low,low-low
Canton-Massillon OH MSA,31440.0,0.5583,-2.886,40.71,-81.26,OH,primary-based,path 4,high-high,low-high
Great Falls MT MSA,3836.0,0.6884,-4.75,47.32,-111.4,MT,modelled by L2,path 4,high-high,low-high
Savannah GA MSA,2263.0,0.5185,-0.04722,32.11,-81.27,GA,primary-based,path 1,low-high,high-high
Ocean City NJ MSA,3570.0,0.6436,2.038,39.09,-74.85,NJ,party registration,path 1,high-low,high-low
Jefferson City MO MSA,10890.0,0.7452,-7.229,38.64,-92.09,MO,modelled by L2,path 2,high-high,low-low
Tyler TX MSA,15790.0,0.7198,-1.225,32.38,-95.27,TX,primary-based,path 1,high-high,high-high
Macon GA MSA,3488.0,0.4353,-4.755,32.86,-83.71,GA,primary-based,path 4,low-high,low-high
Anderson IN MSA,5283.0,0.6286,-0.6564,39.75,-86.21,IN,primary-based,path 1,high-high,high-high
Goldsboro NC MSA,4844.0,0.5782,0.05063,35.35,-78.01,NC,party registration,path 1,high-low,high-high
Duluth MN-WI MSA,20220.0,0.4484,-7.754,47.35,-92.16,MN,modelled by L2,path 2,low-high,low-low
Bismarck ND MSA,8215.0,0.7539,1.66,46.89,-101.0,ND,modelled by L2,path 3,high-high,high-low
Huntsville AL MSA,50080.0,0.6205,-2.534,34.78,-86.73,AL,modelled by L2,path 4,high-high,low-high
Spartanburg SC MSA,17570.0,0.6302,-5.305,34.93,-81.99,SC,primary-based,path 4,high-high,low-high
Waterloo-Cedar Falls IA MSA,11690.0,0.5077,-1.563,42.54,-92.47,IA,party registration,path 1,low-low,high-low
Valdosta GA MSA,848.0,0.6108,4.654,30.83,-83.24,GA,primary-based,path 3,high-low,high-high
St. Joseph MO-KS MSA,896.0,0.8388,-0.075,39.83,-94.78,MO,modelled by L2,path 1,high-low,high-low
Anderson SC MSA,8388.0,0.6778,-4.655,34.68,-82.41,SC,primary-based,path 4,high-high,low-high
