model,term,coef,lo,hi,t,n
AIGE alone,2013-16,-0.2742,-0.3702,-0.1782,-5.599,3130
+ state fixed effects,2013-16,-0.1642,-0.2465,-0.08182,-3.907,3130
"+ size, income, state fixed effects",2013-16,-0.3078,-0.3949,-0.2207,-6.929,3130
AIGE alone,2017-19,-0.6979,-0.8182,-0.5777,-11.38,3112
+ state fixed effects,2017-19,-0.5632,-0.6625,-0.464,-11.13,3112
"+ size, income, state fixed effects",2017-19,-0.5725,-0.6955,-0.4496,-9.125,3112
AIGE alone,2020-22,-1.051,-1.225,-0.8769,-11.82,3100
+ state fixed effects,2020-22,-0.8641,-0.9885,-0.7397,-13.62,3100
"+ size, income, state fixed effects",2020-22,-0.6786,-0.8365,-0.5208,-8.425,3100
