year,quintile,net_pp,income_gap
2013,1 least exposed,0.1247,0.5657
2013,2,0.3692,2.901
2013,3,0.2321,2.723
2013,4,0.01509,1.591
2013,5 most exposed,-0.1598,-3.586
2014,1 least exposed,0.02096,2.539
2014,2,0.2669,3.712
2014,3,0.2365,3.107
2014,4,0.04972,1.542
2014,5 most exposed,-0.153,-2.849
2015,1 least exposed,-0.1264,3.133
2015,2,0.1476,3.005
2015,3,0.1794,3.85
2015,4,0.06902,2.566
2015,5 most exposed,-0.1115,-5.02
2016,1 least exposed,0.08402,3.094
2016,2,0.4794,4.534
2016,3,0.4722,3.052
2016,4,0.1644,3.954
2016,5 most exposed,-0.3291,-4.75
2017,1 least exposed,0.6901,5.39
2017,2,1.113,5.386
2017,3,0.8917,2.572
2017,4,0.177,1.716
2017,5 most exposed,-0.6249,-2.742
2018,1 least exposed,0.4657,3.591
2018,2,0.6583,5.938
2018,3,0.5754,4.267
2018,4,0.08831,2.404
2018,5 most exposed,-0.3829,-3.888
2019,1 least exposed,0.3246,5.025
2019,2,0.6036,5.729
2019,3,0.4831,3.57
2019,4,0.09452,2.613
2019,5 most exposed,-0.3383,-3.994
2020,1 least exposed,0.7153,10.17
2020,2,1.05,10.23
2020,3,0.8609,7.282
2020,4,0.2471,4.774
2020,5 most exposed,-0.6461,-5.228
2021,1 least exposed,0.8782,10.09
2021,2,1.288,10.51
2021,3,0.9802,9.844
2021,4,0.3403,10.68
2021,5 most exposed,-0.7966,-7.566
2022,1 least exposed,0.6505,16.08
2022,2,1.017,10.5
2022,3,0.8272,8.022
2022,4,0.207,6.821
2022,5 most exposed,-0.6119,-7.52
