state_fips,state,pagerank,net_returns,net_migration_pct,net_agi,community,x,y,id
01,AL,0.01056,8402.0,0.4717,781300.0,group 5,0.3073,0.3487,AL
02,AK,0.004437,-2256.0,-0.7809,-314000.0,group 1,-0.6239,-0.4576,AK
04,AZ,0.04326,22060.0,0.7806,3686000.0,group 1,-0.02564,-0.1447,AZ
05,AR,0.008032,6422.0,0.5928,471900.0,group 1,0.5346,-0.08711,AR
06,CA,0.07841,-144300.0,-0.8958,-23800000.0,group 1,0.009372,-0.02628,CA
08,CO,0.03381,7092.0,0.2885,1461000.0,group 1,-0.01083,-0.1742,CO
11,DC,0.01228,-2111.0,-0.715,-1136000.0,group 4,-0.249,0.332,DC
12,FL,0.08721,125800.0,1.387,36000000.0,group 3,-0.01653,0.1002,FL
13,GA,0.03443,24400.0,0.6058,699700.0,group 3,0.01342,0.1586,GA
15,HI,0.00937,-3349.0,-0.5613,348100.0,group 1,-0.3931,-0.0928,HI
17,IL,0.0298,-45540.0,-0.8782,-9848000.0,group 2,-0.01212,-0.04787,IL
20,KS,0.00986,-3897.0,-0.3374,-609800.0,group 2,0.2291,-0.3869,KS
21,KY,0.009442,2830.0,0.169,17900.0,group 2,-0.4068,0.1202,KY
22,LA,0.007918,-14520.0,-0.8761,-896200.0,group 1,0.4367,0.09177,LA
24,MD,0.02189,-15950.0,-0.6318,-2719000.0,group 4,-0.1655,0.2073,MD
25,MA,0.02481,-26040.0,-0.8714,-3864000.0,group 3,-0.01127,0.2527,MA
26,MI,0.0122,-11440.0,-0.2783,-1377000.0,group 2,-0.2787,-0.03663,MI
28,MS,0.007096,-1653.0,-0.1563,117600.0,group 5,0.5779,0.4472,MS
29,MO,0.01499,2328.0,0.09623,-586400.0,group 2,0.2089,-0.2522,MO
32,NV,0.02389,10720.0,0.819,3081000.0,group 1,-0.04114,-0.1053,NV
36,NY,0.04483,-108700.0,-1.29,-14160000.0,group 3,0.002256,0.1026,NY
37,NC,0.03647,44050.0,1.083,4619000.0,group 4,-0.1593,0.1785,NC
39,OH,0.01774,-7956.0,-0.1634,-2132000.0,group 2,-0.2386,0.0776,OH
42,PA,0.02403,-14650.0,-0.2704,-2741000.0,group 3,-0.07964,0.2304,PA
45,SC,0.02225,33050.0,1.647,4758000.0,group 4,-0.244,0.3075,SC
47,TN,0.02374,31450.0,1.162,4663000.0,group 5,0.162,0.2486,TN
48,TX,0.08324,88500.0,0.7926,10120000.0,group 1,0.049,0.02991,TX
49,UT,0.0134,2011.0,0.1638,1082000.0,group 1,-0.1666,-0.3521,UT
51,VA,0.02494,-3435.0,-0.09943,-2147000.0,group 4,-0.1319,0.1634,VA
53,WA,0.03766,3144.0,0.09769,-1661000.0,group 1,-0.1677,-0.1239,WA
16,ID,0.01035,8426.0,1.167,1683000.0,group 1,-0.2697,-0.4615,ID
27,MN,0.0135,-8257.0,-0.3433,-2198000.0,group 2,0.2681,-0.09306,MN
30,MT,0.005159,5486.0,1.205,1057000.0,group 1,-0.1367,-0.8885,MT
35,NM,0.008451,-218.0,-0.02637,-131600.0,group 1,-0.1307,-0.3905,NM
38,ND,0.00465,-1462.0,-0.4625,-251900.0,group 2,0.7324,-0.2399,ND
40,OK,0.01053,8880.0,0.6252,485000.0,group 1,0.3099,-0.2333,OK
41,OR,0.01754,114.0,0.006588,-535600.0,group 1,-0.1926,-0.2994,OR
09,CT,0.01227,-6544.0,-0.4251,-1024000.0,group 3,0.05346,0.3062,CT
10,DE,0.007429,5010.0,1.219,613800.0,group 3,-0.324,0.4893,DE
18,IN,0.01205,-370.0,-0.0135,-561100.0,group 2,-0.3308,-0.08227,IN
19,IA,0.007012,-4761.0,-0.3727,-513600.0,group 2,0.248,-0.4418,IA
23,ME,0.006042,5148.0,0.8597,703300.0,group 3,0.1765,0.7379,ME
31,NE,0.006198,-1338.0,-0.1688,-290100.0,group 2,0.178,-0.5745,NE
33,NH,0.009458,3753.0,0.6084,887500.0,group 3,0.05537,0.6588,NH
34,NJ,0.02311,-20820.0,-0.544,-5274000.0,group 3,-0.05884,0.2115,NJ
44,RI,0.006239,-1424.0,-0.3006,-129200.0,group 3,-0.05298,0.6008,RI
46,SD,0.004564,3532.0,0.9563,573200.0,group 2,0.6583,-0.7419,SD
50,VT,0.004015,361.0,0.1246,269100.0,group 3,-0.1401,0.9729,VT
55,WI,0.01061,-917.0,-0.03644,-312600.0,group 2,0.3292,-0.07181,WI
56,WY,0.004068,1126.0,0.4728,981300.0,group 1,0.2552,-1.0,WY
54,WV,0.004777,493.0,0.07337,-47330.0,group 4,-0.7361,0.4315,WV
