a,b,weight,agi
CA,TX,44420.0,5869000.0
NY,NJ,44320.0,5447000.0
NY,FL,43520.0,7804000.0
CA,AZ,30780.0,3122000.0
CA,NV,28870.0,3725000.0
CA,WA,23040.0,3424000.0
NJ,NY,22060.0,2760000.0
NJ,FL,19540.0,4022000.0
CA,FL,17980.0,2831000.0
TX,CA,17340.0,1906000.0
NY,PA,16960.0,1285000.0
NY,CA,16560.0,3035000.0
CA,NY,16280.0,2933000.0
NY,CT,16090.0,3077000.0
NJ,PA,15270.0,1404000.0
FL,TX,15050.0,1154000.0
CA,OR,14630.0,1526000.0
FL,GA,14480.0,951300.0
AZ,CA,14420.0,1143000.0
WA,CA,14350.0,2168000.0
PA,NJ,13570.0,1231000.0
TX,FL,13510.0,1317000.0
NV,CA,12980.0,1031000.0
GA,FL,12920.0,1368000.0
OR,WA,12920.0,1331000.0
FL,NY,12560.0,1496000.0
NC,SC,12390.0,1050000.0
IL,FL,12390.0,2974000.0
CA,CO,12130.0,1523000.0
MA,FL,11960.0,2153000.0
PA,FL,11410.0,1626000.0
MD,VA,11300.0,943300.0
MA,NH,11100.0,1341000.0
LA,TX,10520.0,544900.0
VA,MD,10110.0,985100.0
NY,TX,10010.0,1164000.0
DC,MD,9963.0,1050000.0
FL,NC,9653.0,776500.0
IL,IN,9597.0,709500.0
TX,CO,9584.0,954700.0
IL,TX,9571.0,1179000.0
WA,OR,9455.0,810900.0
SC,NC,9363.0,635200.0
IL,CA,9259.0,1240000.0
KS,MO,9067.0,736900.0
NY,NC,9019.0,711800.0
CT,NY,8725.0,1163000.0
FL,CA,8708.0,806900.0
PA,NY,8525.0,717600.0
MA,NY,8422.0,1088000.0
IL,WI,8097.0,730100.0
AZ,TX,8088.0,861100.0
VA,FL,8057.0,1241000.0
MO,KS,8051.0,577100.0
CO,TX,7998.0,674000.0
WA,AZ,7965.0,1013000.0
NY,MA,7956.0,942500.0
CT,FL,7673.0,1666000.0
CA,TN,7598.0,1202000.0
WA,TX,7581.0,1011000.0
CA,ID,7154.0,942600.0
MD,DC,7132.0,655700.0
MA,CA,7066.0,921600.0
CO,CA,6989.0,673500.0
CA,IL,6969.0,821500.0
CA,UT,6867.0,842200.0
MD,FL,6829.0,1227000.0
CA,NC,6798.0,767900.0
OR,CA,6797.0,642200.0
OH,FL,6698.0,954600.0
MA,RI,6664.0,589600.0
CO,FL,6635.0,695300.0
VA,NC,6628.0,601700.0
NC,FL,6509.0,655200.0
MD,PA,6422.0,498800.0
NY,GA,6419.0,466600.0
DC,VA,6111.0,840700.0
TX,WA,6005.0,596000.0
IN,IL,6001.0,345500.0
TX,AZ,5808.0,560300.0
CA,GA,5807.0,612900.0
PA,DE,5787.0,493900.0
MA,CT,5695.0,534900.0
MI,FL,5658.0,852600.0
NH,MA,5604.0,469000.0
GA,TX,5550.0,450200.0
CA,VA,5501.0,613600.0
IL,AZ,5444.0,672900.0
WI,IL,5435.0,366500.0
CT,MA,5364.0,501300.0
CA,HI,5344.0,645800.0
VA,CA,5340.0,528700.0
TX,OK,5230.0,370500.0
NJ,CA,5070.0,686000.0
FL,CO,5016.0,380400.0
VA,DC,4998.0,492600.0
CA,MA,4975.0,757900.0
TX,NY,4964.0,531300.0
RI,MA,4893.0,362500.0
CO,AZ,4832.0,490500.0
OK,TX,4794.0,354000.0
IL,MO,4765.0,336500.0
MN,WI,4756.0,381500.0
FL,MA,4748.0,509300.0
TX,LA,4745.0,257700.0
AZ,CO,4740.0,396500.0
FL,VA,4720.0,381100.0
FL,TN,4715.0,358000.0
VA,TX,4680.0,457500.0
TX,GA,4611.0,391500.0
NJ,TX,4600.0,573200.0
WA,ID,4595.0,487200.0
PA,MD,4581.0,339400.0
FL,NJ,4502.0,438700.0
PA,CA,4491.0,506700.0
MO,IL,4490.0,277100.0
NY,SC,4476.0,493200.0
NV,TX,4453.0,369400.0
AZ,WA,4353.0,395200.0
WI,MN,4353.0,272800.0
