outcome,policy_variable,coef,t,p,n,q,description
net_migration_rate,hincomemed,-0.01375,-4.213,2.523e-05,408,0.0005802,Median household income ($)
net_migration_rate,unemployment,-0.003419,-2.387,0.017,306,0.1955,Unemployment rate (%)
vr_rep_share,inst6014_nom,-0.002816,-1.815,0.06959,200,0.4056,State government ideology (0 conservative to 100 liberal)
vr_rep_share,unemployment,0.00293,1.808,0.07054,357,0.4056,Unemployment rate (%)
vr_rep_share,propgopleg,0.003104,1.59,0.1119,343,0.5146,Republican share of state legislators (%)
vr_rep_share,hincomemed,-0.00684,-1.332,0.1829,408,0.701,Median household income ($)
vr_rep_share,ranney4_control,-0.0007241,-1.129,0.259,294,0.8277,"Democratic control of state government (Ranney index, 0-1)"
vr_rep_share,incomepcap,-0.004047,-1.063,0.2879,459,0.8277,Income per capita ($)
vr_rep_share,masssociallib_est,-0.001649,-0.982,0.3261,200,0.8333,Public social liberalism (Caughey and Warshaw)
vr_rep_share,masseconlib_est,-0.000924,-0.5626,0.5737,200,0.9121,Public economic liberalism (Caughey and Warshaw)
net_migration_rate,propgopleg,0.0006448,0.5045,0.6139,294,0.9121,Republican share of state legislators (%)
vr_rep_share,policysociallib_est,0.001786,0.5018,0.6158,200,0.9121,Social policy liberalism (Caughey and Warshaw)
net_migration_rate,grtw,-0.0004113,-0.4677,0.64,250,0.9121,Right-to-work law (1 = yes)
net_migration_rate,perc_college,0.001284,0.4547,0.6493,250,0.9121,Adults with a college degree (%)
vr_rep_share,policyeconlib_est,-0.00084,-0.417,0.6767,200,0.9121,Economic policy liberalism (Caughey and Warshaw)
net_migration_rate,incomepcap,0.002069,0.4168,0.6768,408,0.9121,Income per capita ($)
vr_rep_share,perc_college,-0.000887,-0.4032,0.6868,300,0.9121,Adults with a college degree (%)
vr_rep_share,propgoppres,-0.0005639,-0.3173,0.751,350,0.9121,Republican share of the last presidential vote (%)
vr_rep_share,grtw,0.0005582,0.3089,0.7574,300,0.9121,Right-to-work law (1 = yes)
net_migration_rate,x_top_corporateincometaxrate,-0.0005552,-0.2199,0.8259,195,0.9121,Top corporate income tax rate (%)
net_migration_rate,ranney4_control,-0.0001816,-0.1952,0.8453,245,0.9121,"Democratic control of state government (Ranney index, 0-1)"
net_migration_rate,propgoppres,-0.0001613,-0.1606,0.8724,300,0.9121,Republican share of the last presidential vote (%)
vr_rep_share,x_top_corporateincometaxrate,0.0002267,0.0711,0.9433,245,0.9433,Top corporate income tax rate (%)
