dimension,measure,year,value,source
employer,over_exposure,2012,1.084,report
employer,over_exposure,2013,1.085,report
employer,over_exposure,2014,1.086,report
employer,over_exposure,2015,1.086,report
employer,over_exposure,2016,1.087,report
employer,over_exposure,2017,1.087,report
employer,over_exposure,2018,1.088,report
employer,over_exposure,2019,1.088,report
employer,over_exposure,2020,1.088,report
employer,over_exposure,2021,1.088,report
employer,over_exposure,2022,1.088,report
employer,over_exposure,2023,1.088,report
employer,over_exposure,2024,1.087,report
employer,dissimilarity_excess,2012,0.189,report
employer,dissimilarity_excess,2013,0.1901,report
employer,dissimilarity_excess,2014,0.192,report
employer,dissimilarity_excess,2015,0.1929,report
employer,dissimilarity_excess,2016,0.1937,report
employer,dissimilarity_excess,2017,0.1946,report
employer,dissimilarity_excess,2018,0.1955,report
employer,dissimilarity_excess,2019,0.1962,report
employer,dissimilarity_excess,2020,0.1951,report
employer,dissimilarity_excess,2021,0.1955,report
employer,dissimilarity_excess,2022,0.1954,report
employer,dissimilarity_excess,2023,0.1944,report
employer,dissimilarity_excess,2024,0.1935,report
industry,over_exposure,2012,1.027,report
industry,over_exposure,2013,1.027,report
industry,over_exposure,2014,1.027,report
industry,over_exposure,2015,1.027,report
industry,over_exposure,2016,1.027,report
industry,over_exposure,2017,1.027,report
industry,over_exposure,2018,1.027,report
industry,over_exposure,2019,1.027,report
industry,over_exposure,2020,1.026,report
industry,over_exposure,2021,1.026,report
industry,over_exposure,2022,1.026,report
industry,over_exposure,2023,1.026,report
industry,over_exposure,2024,1.025,report
industry,dissimilarity_excess,2012,0.1303,report
industry,dissimilarity_excess,2013,0.1311,report
industry,dissimilarity_excess,2014,0.1315,report
industry,dissimilarity_excess,2015,0.1309,report
industry,dissimilarity_excess,2016,0.1307,report
industry,dissimilarity_excess,2017,0.131,report
industry,dissimilarity_excess,2018,0.1312,report
industry,dissimilarity_excess,2019,0.131,report
industry,dissimilarity_excess,2020,0.1298,report
industry,dissimilarity_excess,2021,0.1294,report
industry,dissimilarity_excess,2022,0.1294,report
industry,dissimilarity_excess,2023,0.1286,report
industry,dissimilarity_excess,2024,0.1282,report
metro,over_exposure,2012,1.074,report
metro,over_exposure,2013,1.073,report
metro,over_exposure,2014,1.072,report
metro,over_exposure,2015,1.072,report
metro,over_exposure,2016,1.072,report
metro,over_exposure,2017,1.072,report
metro,over_exposure,2018,1.072,report
metro,over_exposure,2019,1.072,report
metro,over_exposure,2020,1.073,report
metro,over_exposure,2021,1.073,report
metro,over_exposure,2022,1.074,report
metro,over_exposure,2023,1.074,report
metro,over_exposure,2024,1.075,report
metro,dissimilarity_excess,2012,0.2265,report
metro,dissimilarity_excess,2013,0.2256,report
metro,dissimilarity_excess,2014,0.2249,report
metro,dissimilarity_excess,2015,0.2246,report
metro,dissimilarity_excess,2016,0.2241,report
metro,dissimilarity_excess,2017,0.2241,report
metro,dissimilarity_excess,2018,0.2242,report
metro,dissimilarity_excess,2019,0.2247,report
metro,dissimilarity_excess,2020,0.2253,report
metro,dissimilarity_excess,2021,0.2263,report
metro,dissimilarity_excess,2022,0.2274,report
metro,dissimilarity_excess,2023,0.2278,report
metro,dissimilarity_excess,2024,0.2285,report
occupation,over_exposure,2012,1.033,report
occupation,over_exposure,2013,1.034,report
occupation,over_exposure,2014,1.034,report
occupation,over_exposure,2015,1.033,report
occupation,over_exposure,2016,1.033,report
occupation,over_exposure,2017,1.033,report
occupation,over_exposure,2018,1.033,report
occupation,over_exposure,2019,1.033,report
occupation,over_exposure,2020,1.032,report
occupation,over_exposure,2021,1.032,report
occupation,over_exposure,2022,1.031,report
occupation,over_exposure,2023,1.031,report
occupation,over_exposure,2024,1.031,report
occupation,dissimilarity_excess,2012,0.1484,report
occupation,dissimilarity_excess,2013,0.1495,report
occupation,dissimilarity_excess,2014,0.1501,report
occupation,dissimilarity_excess,2015,0.1504,report
occupation,dissimilarity_excess,2016,0.1505,report
occupation,dissimilarity_excess,2017,0.1505,report
occupation,dissimilarity_excess,2018,0.1506,report
occupation,dissimilarity_excess,2019,0.1498,report
occupation,dissimilarity_excess,2020,0.1478,report
occupation,dissimilarity_excess,2021,0.1468,report
occupation,dissimilarity_excess,2022,0.1458,report
occupation,dissimilarity_excess,2023,0.1446,report
occupation,dissimilarity_excess,2024,0.1436,report
