state_fips,net_pp,net_2020_22_pp,income_gap,households,env_propgoppres,env_propgopleg,env_ranney4_control,env_inst6014_nom,env_policyeconlib_est,env_policysociallib_est,env_masseconlib_est,env_masssociallib_est,env_grtw,env_perc_college,env_x_top_corporateincometaxrate,env_hincomemed,env_incomepcap,env_unemployment,aige,state,name,region
01,0.1575,0.4636,1.951,1702000.0,60.64,65.56,0.0,19.36,-1.244,-1.587,-0.5057,0.08727,1.0,24.04,6.5,43660.0,37520.0,6.82,0.5171,AL,Alabama,South
02,-1.078,-0.7939,-8.037,285200.0,56.2,61.0,0.3,37.79,-0.08733,-0.0662,-0.4458,0.4541,0.0,29.15,9.4,71890.0,55170.0,6.76,0.471,AK,Alaska,West
04,1.06,1.206,10.31,2481000.0,54.12,60.9,0.0,3.878,-1.061,-0.6562,-0.403,1.27,1.0,28.18,6.657,50310.0,38290.0,6.82,0.9088,AZ,Arizona,West
05,0.1497,0.5443,0.001169,1026000.0,60.16,56.44,0.4,55.43,-1.156,-1.806,-0.4102,0.004092,1.0,21.61,6.5,41250.0,38110.0,6.02,0.243,AR,Arkansas,South
06,-0.456,-0.8942,-12.12,14860000.0,38.1,33.16,1.0,88.09,1.634,2.625,-0.06316,1.996,0.0,32.65,8.84,61920.0,52890.0,7.68,1.028,CA,California,West
08,0.7588,0.365,4.72,2205000.0,46.18,47.2,0.7,70.98,-0.4014,0.3706,-0.4437,1.845,0.0,38.9,4.63,59850.0,49660.0,5.38,0.981,CO,Colorado,West
09,-0.5481,-0.2182,-9.811,1469000.0,39.98,37.96,1.0,82.73,1.791,2.116,-0.1856,2.367,0.0,38.35,7.5,70190.0,66630.0,6.7,1.155,CT,Connecticut,Northeast
10,0.862,1.329,5.017,377000.0,39.4,37.42,1.0,76.57,0.8903,0.8639,-0.2189,1.348,0.0,30.98,8.7,60350.0,46220.0,5.76,0.9454,DE,Delaware,South
11,-0.9005,-2.075,-18.14,287900.0,,,,,,,,,,,9.5,68620.0,72050.0,7.64,2.339,DC,District of Columbia,South
12,0.9614,1.274,42.57,8138000.0,48.96,65.12,0.0,11.72,-0.9695,-0.8162,-0.3369,1.553,1.0,28.13,5.5,47580.0,43240.0,6.46,0.738,FL,Florida,South
13,0.4385,0.5818,-3.536,3677000.0,53.16,66.08,0.0,3.363,-1.294,-1.913,-0.2894,0.8521,1.0,29.62,6.0,49760.0,39840.0,7.18,0.8129,GA,Georgia,South
15,-0.4633,-0.593,9.45,578900.0,27.56,10.76,1.0,85.64,1.499,2.356,-0.1831,2.181,0.0,31.88,6.4,68920.0,47500.0,4.38,0.2347,HI,Hawaii,West
16,1.349,1.858,18.1,622500.0,63.9,80.6,0.0,8.785,-1.731,-1.253,-0.8735,0.7794,1.0,26.28,7.4,47570.0,37900.0,5.24,0.4953,ID,Idaho,West
17,-0.8626,-0.9844,-22.59,5097000.0,40.26,38.9,0.8,83.55,0.5732,0.9212,-0.1729,1.664,0.0,33.09,9.5,57520.0,49360.0,7.4,0.9888,IL,Illinois,Midwest
18,-0.05653,0.05268,-4.587,2588000.0,53.24,70.68,0.0,10.29,-0.3113,-0.7142,-0.4955,0.7242,1.0,24.74,7.5,49010.0,41260.0,6.22,0.4298,IN,Indiana,Midwest
19,-0.2236,-0.2065,-5.272,1226000.0,46.14,53.06,0.5,32.99,0.1988,0.9058,-0.5507,1.395,1.0,27.53,12.0,52690.0,44790.0,4.3,0.6961,IA,Iowa,Midwest
20,-0.4765,-0.3186,-2.537,1111000.0,59.36,76.02,0.0,5.383,-0.86,-0.8257,-0.4509,0.7802,1.0,31.73,4.0,52050.0,46520.0,4.78,0.9477,KS,Kansas,Midwest
21,-0.02782,0.1429,-3.932,1593000.0,59.9,50.02,0.5,62.79,-0.3295,-0.9615,-0.3928,0.4001,0.2,22.91,6.0,43510.0,37620.0,6.6,0.4901,KY,Kentucky,South
22,-0.5106,-0.7856,-1.703,1626000.0,57.96,57.88,0.0,13.7,-0.8902,-0.9377,-0.3122,0.3555,1.0,23.14,8.0,45050.0,41900.0,6.52,0.5144,LA,Louisiana,South
23,0.5677,1.105,8.522,549900.0,40.82,45.46,0.4,62.64,1.433,0.8963,-0.2297,2.062,0.0,29.53,8.93,49130.0,42130.0,5.6,0.8209,ME,Maine,Northeast
24,-0.4132,-0.5256,-11.29,2418000.0,36.64,31.18,0.8,86.17,1.138,1.789,0.07053,1.897,0.0,38.58,8.25,74260.0,55440.0,5.76,1.151,MD,Maryland,South
25,-0.5614,-0.8186,-5.631,2821000.0,37.32,18.2,0.8,91.51,1.761,1.986,-0.02488,2.767,0.0,41.65,8.0,68180.0,60780.0,5.56,1.522,MA,Massachusetts,Northeast
26,-0.2424,-0.1939,-1.871,3913000.0,44.02,59.18,0.0,11.05,0.302,0.1248,-0.3019,1.342,1.0,27.66,6.0,49270.0,41530.0,7.1,0.678,MI,Michigan,Midwest
27,-0.1523,-0.3349,-13.74,2282000.0,44.88,48.56,0.7,69.47,0.9426,0.8549,-0.25,1.555,0.0,34.32,9.8,60900.0,50280.0,4.48,1.152,MN,Minnesota,Midwest
28,-0.3273,-0.2059,1.745,1029000.0,55.68,56.18,0.0,27.57,-1.685,-2.473,-0.427,-0.0182,1.0,21.22,5.0,39510.0,34500.0,7.46,0.2473,MS,Mississippi,South
29,-0.03062,0.1355,-4.549,2308000.0,53.0,69.04,0.5,47.9,-0.468,-0.9587,-0.5363,0.7868,0.0,27.64,6.25,48050.0,41920.0,5.84,0.9743,MO,Missouri,Midwest
30,0.7788,1.381,18.08,419900.0,54.18,60.28,0.5,47.03,0.4951,0.01756,-0.6193,0.9938,0.0,29.49,6.75,46800.0,41980.0,4.88,0.5934,MT,Montana,West
31,-0.2578,-0.2535,-7.424,751500.0,59.76,,,17.16,-0.342,-0.0018,-0.5223,0.7264,1.0,30.85,7.81,52570.0,48470.0,3.46,0.8861,NE,Nebraska,Midwest
32,1.232,1.039,19.37,1153000.0,45.1,46.98,0.3,42.69,-1.047,0.2564,-0.4788,1.776,1.0,23.42,0.0,52810.0,42000.0,8.24,-0.05791,NV,Nevada,West
33,0.4285,0.8107,10.08,581400.0,46.08,56.64,0.5,59.89,0.5638,0.4278,-0.3194,2.254,0.0,35.76,8.5,66220.0,53050.0,4.22,0.9081,NH,New Hampshire,Northeast
34,-0.5444,-0.4141,-11.77,3635000.0,41.14,39.0,0.5,54.09,1.495,2.445,-0.01351,2.232,0.0,37.79,9.0,72220.0,58850.0,7.0,1.117,NJ,New Jersey,Northeast
35,-0.2017,0.05192,0.9196,771500.0,42.8,45.72,0.5,40.9,0.4824,1.15,-0.317,1.044,0.0,26.95,7.4,45080.0,37060.0,6.82,0.9067,NM,New Mexico,West
36,-1.072,-1.535,-14.56,8090000.0,36.14,35.28,0.7,79.65,2.862,1.739,0.01713,2.222,0.0,35.23,7.1,58880.0,57170.0,6.52,1.496,NY,New York,Northeast
37,0.748,1.028,6.777,3733000.0,50.38,62.56,0.1,20.14,-0.5127,-1.108,-0.3361,0.6953,1.0,29.21,6.3,46920.0,40360.0,6.9,0.7378,NC,North Carolina,South
38,-0.3497,-0.8025,-6.326,305700.0,57.62,73.48,0.0,26.79,-1.963,-0.3141,-0.5612,0.5575,1.0,28.43,4.753,55450.0,54130.0,2.94,0.5213,ND,North Dakota,Midwest
39,-0.2038,-0.1491,-10.14,4666000.0,48.0,64.26,0.0,12.58,0.2872,-0.3614,-0.3767,1.155,0.0,26.67,8.5,49100.0,42810.0,6.1,0.8505,OH,Ohio,Midwest
40,0.1535,0.5777,-2.874,1348000.0,66.56,72.22,0.0,9.528,-0.9575,-1.357,-0.5056,0.442,1.0,24.74,6.0,46280.0,43230.0,4.86,0.6218,OK,Oklahoma,South
41,0.6504,0.1755,-0.03554,1583000.0,51.76,43.98,0.9,76.43,1.17,1.003,-0.2218,1.842,0.0,31.52,7.6,51060.0,42750.0,6.8,0.7986,OR,Oregon,West
42,-0.2359,-0.1676,-6.588,5195000.0,46.3,56.52,0.2,26.84,0.7166,0.09214,-0.2901,1.245,0.0,29.49,9.99,53280.0,48600.0,6.34,1.014,PA,Pennsylvania,Northeast
44,-0.2774,-0.07581,2.608,442200.0,35.46,12.74,0.8,81.26,2.003,1.299,-0.09414,2.53,0.0,32.77,9.0,56820.0,48220.0,7.72,1.004,RI,Rhode Island,Northeast
45,1.174,1.521,17.75,1813000.0,54.44,61.2,0.0,0.8603,-1.567,-1.854,-0.4564,0.5875,1.0,26.62,5.0,45360.0,37760.0,6.8,0.1656,SC,South Carolina,South
46,0.2591,0.6907,8.842,347600.0,56.96,78.48,0.0,22.85,-1.282,-1.313,-0.586,0.9219,1.0,27.41,0.0,50390.0,46930.0,3.48,0.6622,SD,South Dakota,Midwest
47,0.7126,1.077,8.565,2492000.0,58.98,72.56,0.0,10.69,-0.5607,-1.251,-0.4443,0.4146,1.0,25.65,6.5,44970.0,41130.0,6.5,0.5869,TN,Tennessee,South
48,0.5809,0.7228,4.854,10050000.0,56.86,64.42,0.0,7.535,-0.9753,-0.7551,-0.4609,0.8265,1.0,28.45,0.0,52790.0,45170.0,5.42,0.9305,TX,Texas,South
49,0.3038,0.4575,12.17,1058000.0,70.7,81.54,0.0,5.718,-1.006,-1.212,-0.6994,0.2224,1.0,31.67,5.0,60020.0,38910.0,4.16,1.022,UT,Utah,West
50,-0.05739,0.3923,8.329,277800.0,31.08,31.64,1.0,90.08,1.718,1.16,0.08987,2.701,0.0,36.04,8.5,54830.0,47740.0,4.06,1.02,VT,Vermont,Northeast
51,-0.1724,-0.09325,-7.837,3270000.0,47.52,62.26,0.5,30.13,-0.9007,-0.642,-0.2078,1.324,1.0,37.17,6.0,64700.0,51120.0,5.1,1.254,VA,Virginia,South
53,0.5906,0.2188,-0.7034,2925000.0,41.5,46.54,0.8,76.64,0.4213,1.287,-0.1512,1.973,0.0,33.78,0.0,60610.0,51420.0,6.44,1.085,WA,Washington,West
54,-0.288,0.02715,-2.276,657900.0,60.98,47.3,0.8,74.15,-0.1126,-0.2307,-0.5199,-0.1033,0.2,19.61,7.083,41480.0,36050.0,6.74,0.6934,WV,West Virginia,South
55,-0.1258,-0.0294,-3.274,2399000.0,45.36,59.86,0.0,6.88,0.8035,0.3383,-0.3509,1.368,0.4,28.72,7.9,53150.0,45110.0,5.56,0.7248,WI,Wisconsin,Midwest
56,-0.2741,0.3733,28.02,231200.0,68.48,85.8,0.0,5.146,-1.846,-0.6812,-0.7861,0.556,1.0,26.41,0.0,58040.0,54760.0,4.74,0.06032,WY,Wyoming,West
