naics4,title,sector,workers,rep_share,rep_pred,balance,balance_pred,ind_education
1133,Logging,Agriculture,569.0,0.6024,0.4726,0.7952,0.9452,2.137
1151,Support Activities for Crop Production,Agriculture,18730.0,0.4928,0.4122,0.9856,0.8244,1.962
1152,Support Activities for Animal Production,Agriculture,901.0,0.5025,0.4364,0.995,0.8727,3.153
2111,Oil and Gas Extraction,"Mining, oil & gas",70030.0,0.6073,0.5241,0.7854,0.9518,4.275
2121,Coal Mining,"Mining, oil & gas",1866.0,0.6978,0.5541,0.6045,0.8919,2.771
2122,Metal Ore Mining,"Mining, oil & gas",9480.0,0.5531,0.536,0.8937,0.9281,3.192
2123,Nonmetallic Mineral Mining and Quarrying,"Mining, oil & gas",9799.0,0.5946,0.5286,0.8107,0.9427,2.773
2131,Support Activities for Mining,"Mining, oil & gas",41630.0,0.627,0.5556,0.746,0.8888,2.775
2211,"Electric Power Generation, Transmission and Distribution",Utilities,165800.0,0.4921,0.5259,0.9842,0.9483,3.858
2212,Natural Gas Distribution,Utilities,29280.0,0.5064,0.4998,0.9872,0.9997,3.894
2361,Residential Building Construction,Construction,124800.0,0.5558,0.5065,0.8885,0.9871,3.136
2362,Nonresidential Building Construction,Construction,167200.0,0.5588,0.5287,0.8824,0.9427,3.329
2372,Land Subdivision,Construction,23470.0,0.451,0.4904,0.9019,0.9808,3.921
2382,Building Equipment Contractors,Construction,111900.0,0.5712,0.5383,0.8576,0.9233,3.127
2383,Building Finishing Contractors,Construction,28660.0,0.5598,0.4983,0.8805,0.9966,2.643
3111,Animal Food Manufacturing,Manufacturing,16140.0,0.5137,0.4592,0.9727,0.9184,2.804
3112,Grain and Oilseed Milling,Manufacturing,7891.0,0.4739,0.4625,0.9477,0.925,2.92
3113,Sugar and Confectionery Product Manufacturing,Manufacturing,12270.0,0.4419,0.4339,0.8837,0.8678,2.618
3114,Fruit and Vegetable Preserving and Specialty Food Manufacturing,Manufacturing,17120.0,0.4935,0.4446,0.9871,0.8892,2.566
3115,Dairy Product Manufacturing,Manufacturing,17620.0,0.5069,0.4534,0.9863,0.9067,2.664
3116,Animal Slaughtering and Processing,Manufacturing,17540.0,0.5399,0.4569,0.9202,0.9138,2.203
3117,Seafood Product Preparation and Packaging,Manufacturing,2486.0,0.3946,0.4574,0.7891,0.9148,2.284
3118,Bakeries and Tortilla Manufacturing,Manufacturing,27620.0,0.4106,0.399,0.8213,0.798,2.399
3119,Other Food Manufacturing,Manufacturing,88790.0,0.4619,0.4383,0.9238,0.8766,2.754
3121,Beverage Manufacturing,Manufacturing,82470.0,0.4144,0.4417,0.8289,0.8834,2.77
3122,Tobacco Manufacturing,Manufacturing,7265.0,0.4921,0.4726,0.9841,0.9453,2.923
3131,"Fiber, Yarn, and Thread Mills",Manufacturing,1220.0,0.555,0.4829,0.8901,0.9657,2.184
3132,Fabric Mills,Manufacturing,4419.0,0.5163,0.4605,0.9674,0.9211,2.636
3133,Textile and Fabric Finishing and Fabric Coating Mills,Manufacturing,5559.0,0.5252,0.4481,0.9497,0.8962,3.163
3141,Textile Furnishings Mills,Manufacturing,6544.0,0.5128,0.4481,0.9743,0.8962,2.411
3149,Other Textile Product Mills,Manufacturing,5463.0,0.4456,0.433,0.8912,0.8661,2.668
3151,Apparel Knitting Mills,Manufacturing,1818.0,0.3333,0.4383,0.6667,0.8766,2.557
3152,Cut and Sew Apparel Manufacturing,Manufacturing,59680.0,0.3415,0.4114,0.683,0.8227,2.651
3159,Apparel Accessories and Other Apparel Manufacturing,Manufacturing,13820.0,0.3611,0.42,0.7221,0.84,2.46
3161,Leather and Hide Tanning and Finishing,Manufacturing,699.0,0.4565,0.4155,0.913,0.8311,2.579
3162,Footwear Manufacturing,Manufacturing,30670.0,0.2705,0.434,0.541,0.8681,3.024
3169,Other Leather and Allied Product Manufacturing,Manufacturing,8882.0,0.3485,0.4059,0.697,0.8118,2.801
3211,Sawmills and Wood Preservation,Manufacturing,1102.0,0.6446,0.4876,0.7107,0.9753,2.486
3212,"Veneer, Plywood, and Engineered Wood Product Manufacturing",Manufacturing,5941.0,0.5965,0.4734,0.8071,0.9468,2.725
3219,Other Wood Product Manufacturing,Manufacturing,39550.0,0.5774,0.4582,0.8452,0.9164,2.688
3221,"Pulp, Paper, and Paperboard Mills",Manufacturing,11040.0,0.5778,0.486,0.8445,0.972,2.889
3222,Converted Paper Product Manufacturing,Manufacturing,41270.0,0.5626,0.4639,0.8748,0.9277,2.824
3231,Printing and Related Support Activities,Manufacturing,48540.0,0.5224,0.4553,0.9552,0.9107,3.1
3241,Petroleum and Coal Products Manufacturing,Manufacturing,36410.0,0.6035,0.5185,0.7929,0.963,3.512
3251,Chemical Manufacturing,Manufacturing,42250.0,0.5384,0.4932,0.9232,0.9864,3.739
3252,Chemical Manufacturing,Manufacturing,33500.0,0.5647,0.4932,0.8706,0.9864,3.739
3253,Chemical Manufacturing,Manufacturing,17290.0,0.5466,0.4932,0.9069,0.9864,3.739
3254,Pharmaceutical and Medicine Manufacturing,Manufacturing,351100.0,0.4049,0.4432,0.8098,0.8864,4.577
3255,Chemical Manufacturing,Manufacturing,31500.0,0.515,0.4632,0.9701,0.9265,3.355
3256,Chemical Manufacturing,Manufacturing,98520.0,0.4473,0.4632,0.8946,0.9265,3.355
3259,Chemical Manufacturing,Manufacturing,42540.0,0.5469,0.4932,0.9061,0.9864,3.739
3261,Plastics Product Manufacturing,Manufacturing,48730.0,0.5651,0.4855,0.8698,0.971,2.9
3262,Rubber Product Manufacturing,Manufacturing,21450.0,0.5611,0.5019,0.8778,0.9962,2.857
3311,Iron and Steel Mills and Ferroalloy Manufacturing,Manufacturing,10270.0,0.5945,0.5131,0.811,0.9738,2.955
3312,Steel Product Manufacturing from Purchased Steel,Manufacturing,14240.0,0.5758,0.4937,0.8484,0.9874,2.936
3313,Alumina and Aluminum Production and Processing,Manufacturing,9525.0,0.564,0.4945,0.872,0.989,2.868
3314,Nonferrous Metal (except Aluminum) Production and Processing,Manufacturing,6064.0,0.5846,0.488,0.8308,0.976,3.057
3315,Foundries,Manufacturing,5792.0,0.5781,0.5001,0.8438,0.9997,2.789
3321,Fabricated Metal Product Manufacturing,Manufacturing,10970.0,0.606,0.5,0.7881,1.0,3.269
3322,Fabricated Metal Product Manufacturing,Manufacturing,10420.0,0.4976,0.5,0.9952,1.0,3.269
3323,Fabricated Metal Product Manufacturing,Manufacturing,36530.0,0.5791,0.5127,0.8419,0.9746,3.097
3324,Fabricated Metal Product Manufacturing,Manufacturing,14390.0,0.5714,0.5127,0.8571,0.9746,3.097
3325,Fabricated Metal Product Manufacturing,Manufacturing,5654.0,0.5176,0.5,0.9648,1.0,3.269
3326,Fabricated Metal Product Manufacturing,Manufacturing,4176.0,0.5755,0.5,0.8491,1.0,3.269
3327,"Machine Shops; Turned Product; and Screw, Nut, and Bolt Manufacturing",Manufacturing,20890.0,0.5798,0.5284,0.8405,0.9432,3.184
3328,"Coating, Engraving, Heat Treating, and Allied Activities",Manufacturing,6257.0,0.5689,0.4742,0.8622,0.9484,2.752
3329,Fabricated Metal Product Manufacturing,Manufacturing,53490.0,0.5856,0.5,0.8288,1.0,3.269
3335,Metalworking Machinery Manufacturing,Manufacturing,21040.0,0.6046,0.5296,0.7908,0.9408,3.467
3336,"Engine, Turbine, and Power Transmission Equipment Manufacturing",Manufacturing,16060.0,0.5283,0.5068,0.9434,0.9864,4.093
3364,Aerospace Product and Parts Manufacturing,Manufacturing,247500.0,0.4966,0.496,0.9932,0.9919,4.49
3365,Railroad Rolling Stock Manufacturing,Manufacturing,5285.0,0.5435,0.5172,0.913,0.9656,3.247
3366,Ship and Boat Building,Manufacturing,21020.0,0.5254,0.5192,0.9492,0.9616,3.302
3371,Furniture and Related Product Manufacturing,Manufacturing,21840.0,0.4916,0.4831,0.9832,0.9661,2.794
3372,Furniture and Related Product Manufacturing,Manufacturing,20030.0,0.5051,0.4831,0.9898,0.9661,2.794
3391,Medical Equipment and Supplies Manufacturing,Manufacturing,186200.0,0.4757,0.4639,0.9513,0.9279,3.871
3399,Other Miscellaneous Manufacturing,Manufacturing,83350.0,0.4622,0.4595,0.9243,0.919,3.514
4231,Motor Vehicle and Motor Vehicle Parts and Supplies Merchant Wholesalers,Wholesale,37630.0,0.5433,0.4872,0.9134,0.9744,3.253
4232,"Merchant Wholesalers, Durable Goods",Wholesale,15330.0,0.4495,0.4745,0.8989,0.949,3.755
4233,"Merchant Wholesalers, Durable Goods",Wholesale,41650.0,0.6008,0.4745,0.7985,0.949,3.755
4234,Professional and Commercial Equipment and Supplies Merchant Wholesalers,Wholesale,81640.0,0.5107,0.4738,0.9787,0.9476,4.372
4235,"Merchant Wholesalers, Durable Goods",Wholesale,9459.0,0.5683,0.4745,0.8634,0.949,3.755
4236,"Merchant Wholesalers, Durable Goods",Wholesale,54990.0,0.5522,0.4745,0.8956,0.949,3.755
4237,"Merchant Wholesalers, Durable Goods",Wholesale,43160.0,0.5854,0.4745,0.8292,0.949,3.755
4238,"Machinery, Equipment, and Supplies Merchant Wholesalers",Wholesale,91180.0,0.5945,0.5028,0.811,0.9944,3.802
4239,"Merchant Wholesalers, Durable Goods",Wholesale,27890.0,0.4864,0.4745,0.9728,0.949,3.755
4241,"Merchant Wholesalers, Nondurable Goods",Wholesale,11060.0,0.5304,0.4628,0.9392,0.9256,3.496
4242,"Merchant Wholesalers, Nondurable Goods",Wholesale,42970.0,0.4563,0.4642,0.9126,0.9283,4.206
4243,"Apparel, Piece Goods, and Notions Merchant Wholesalers",Wholesale,16900.0,0.3772,0.431,0.7543,0.862,4.037
4244,"Merchant Wholesalers, Nondurable Goods",Wholesale,72840.0,0.4806,0.4662,0.9612,0.9323,3.26
4245,Farm Product Raw Material Merchant Wholesalers,Wholesale,3983.0,0.5402,0.4641,0.9196,0.9282,3.006
4246,"Merchant Wholesalers, Nondurable Goods",Wholesale,18010.0,0.5596,0.4642,0.8807,0.9283,4.206
4247,"Merchant Wholesalers, Nondurable Goods",Wholesale,12420.0,0.5994,0.4628,0.8013,0.9256,3.496
4248,"Merchant Wholesalers, Nondurable Goods",Wholesale,33200.0,0.4734,0.4662,0.9467,0.9323,3.26
4249,"Merchant Wholesalers, Nondurable Goods",Wholesale,22480.0,0.5042,0.4628,0.9916,0.9256,3.496
4251,Wholesale Electronic Markets and Agents and Brokers,Wholesale,29710.0,0.5137,0.4784,0.9727,0.9567,4.297
4411,Automobile Dealers,Retail,153400.0,0.534,0.4591,0.9319,0.9182,2.828
4412,Other Motor Vehicle Dealers,Retail,24320.0,0.5782,0.4726,0.8436,0.9451,2.909
4413,"Automotive Parts, Accessories, and Tire Stores",Retail,31940.0,0.5424,0.4938,0.9152,0.9875,2.57
4441,Building Material and Supplies Dealers,Retail,86450.0,0.4814,0.4004,0.9628,0.8009,2.677
4442,Lawn and Garden Equipment and Supplies Stores,Retail,10390.0,0.5519,0.4239,0.8963,0.8479,2.557
4451,Food and Beverage Stores,Retail,167200.0,0.4109,0.3617,0.8218,0.7233,2.439
4452,Food and Beverage Stores,Retail,28000.0,0.3842,0.3617,0.7685,0.7233,2.439
4453,"Beer, Wine, and Liquor Stores",Retail,11860.0,0.3759,0.3631,0.7518,0.7262,2.214
4811,Scheduled Air Transportation,Transport & warehousing,101200.0,0.4583,0.4514,0.9167,0.9028,3.635
4812,Nonscheduled Air Transportation,Transport & warehousing,8150.0,0.5681,0.5452,0.8639,0.9096,4.017
4821,Rail Transportation,Transport & warehousing,23670.0,0.5299,0.4906,0.9402,0.9811,2.912
4831,"Deep Sea, Coastal, and Great Lakes Water Transportation",Transport & warehousing,36630.0,0.4168,0.4819,0.8335,0.9637,3.156
4832,Inland Water Transportation,Transport & warehousing,2472.0,0.5143,0.499,0.9714,0.9981,2.783
4861,Pipeline Transportation of Crude Oil,Transport & warehousing,3316.0,0.6317,0.5215,0.7367,0.957,3.475
4862,Pipeline Transportation of Natural Gas,Transport & warehousing,13420.0,0.6499,0.5366,0.7001,0.9268,3.58
4869,Other Pipeline Transportation,Transport & warehousing,3575.0,0.6495,0.5376,0.701,0.9248,3.507
4872,"Scenic and Sightseeing Transportation, Water",Transport & warehousing,912.0,0.3841,0.4336,0.7683,0.8673,2.669
4879,"Scenic and Sightseeing Transportation, Other",Transport & warehousing,916.0,0.4941,0.5162,0.9883,0.9676,3.507
4881,Support Activities for Air Transportation,Transport & warehousing,47020.0,0.5237,0.4797,0.9525,0.9593,3.181
4882,Support Activities for Rail Transportation,Transport & warehousing,3400.0,0.4967,0.4891,0.9934,0.9783,2.615
4883,Support Activities for Water Transportation,Transport & warehousing,12250.0,0.4927,0.4837,0.9854,0.9674,2.578
4884,Support Activities for Road Transportation,Transport & warehousing,11530.0,0.4975,0.499,0.9949,0.9979,2.621
4885,Freight Transportation Arrangement,Transport & warehousing,60030.0,0.4767,0.4512,0.9534,0.9023,3.478
4889,Other Support Activities for Transportation,Transport & warehousing,23080.0,0.4426,0.4193,0.8853,0.8385,2.721
4921,Couriers and Express Delivery Services,Transport & warehousing,59700.0,0.4469,0.4752,0.8939,0.9503,2.365
4922,Local Messengers and Local Delivery,Transport & warehousing,23150.0,0.3237,0.4524,0.6474,0.9047,2.25
4931,Warehousing and Storage,Transport & warehousing,16640.0,0.5087,0.4558,0.9827,0.9116,2.532
5121,Motion Picture and Video Industries,Information,120700.0,0.2744,0.3431,0.5488,0.6861,3.688
5122,Sound Recording Industries,Information,27770.0,0.2771,0.3709,0.5541,0.7418,4.546
5221,Credit Intermediation and Related Activities,Finance & insurance,680400.0,0.4494,0.4606,0.8989,0.9211,4.232
5222,Nondepository Credit Intermediation,Finance & insurance,183300.0,0.4679,0.4585,0.9358,0.9169,4.409
5223,Credit Intermediation and Related Activities,Finance & insurance,166000.0,0.4604,0.4606,0.9208,0.9211,4.232
5241,Insurance Carriers,Finance & insurance,576000.0,0.4509,0.4351,0.9018,0.8703,4.92
5242,"Agencies, Brokerages, and Other Insurance Related Activities",Finance & insurance,276600.0,0.5057,0.4544,0.9887,0.9088,4.597
5251,Insurance and Employee Benefit Funds,Finance & insurance,39290.0,0.4607,0.4439,0.9215,0.8878,5.164
5321,Automotive Equipment Rental and Leasing,Real estate,43300.0,0.4605,0.4623,0.921,0.9245,3.175
5322,Rental and Leasing Services,Real estate,33920.0,0.4615,0.4636,0.9229,0.9272,3.217
5323,Rental and Leasing Services,Real estate,2192.0,0.5321,0.4636,0.9359,0.9272,3.217
5324,Rental and Leasing Services,Real estate,36870.0,0.5815,0.4636,0.837,0.9272,3.217
5411,Legal Services,Professional & technical services,384100.0,0.3672,0.3707,0.7344,0.7414,6.615
5412,"Accounting, Tax Preparation, Bookkeeping, and Payroll Services",Professional & technical services,328100.0,0.4413,0.4423,0.8826,0.8845,4.913
5413,"Architectural, Engineering, and Related Services",Professional & technical services,516200.0,0.469,0.4625,0.9379,0.9249,5.533
5414,Specialized Design Services,Professional & technical services,100000.0,0.3846,0.396,0.7693,0.792,4.878
5416,"Management, Scientific, and Technical Consulting Services",Professional & technical services,528700.0,0.4011,0.416,0.8023,0.8321,5.449
5417,Scientific Research and Development Services,Professional & technical services,205000.0,0.3411,0.3866,0.6823,0.7733,6.505
5418,"Advertising, Public Relations, and Related Services",Professional & technical services,410200.0,0.3614,0.3908,0.7228,0.7816,4.614
5419,"Other Professional, Scientific, and Technical Services",Professional & technical services,185300.0,0.3864,0.3705,0.7728,0.7411,4.748
5611,Office Administrative Services,Admin & support,25240.0,0.4269,0.4232,0.8539,0.8463,4.481
5612,Facilities Support Services,Admin & support,25920.0,0.4894,0.4416,0.9788,0.8832,2.796
5613,Employment Services,Admin & support,309400.0,0.4149,0.4233,0.8299,0.8466,3.128
5614,Business Support Services,Admin & support,146800.0,0.4138,0.3839,0.8277,0.7678,3.904
5615,Travel Arrangement and Reservation Services,Admin & support,64600.0,0.3781,0.4096,0.7563,0.8192,4.015
5616,Investigation and Security Services,Admin & support,103200.0,0.4604,0.4565,0.9208,0.913,2.462
5617,Services to Buildings and Dwellings,Admin & support,69800.0,0.5118,0.4192,0.9765,0.8383,2.591
5619,Other Support Services,Admin & support,57760.0,0.4312,0.4301,0.8624,0.8602,3.073
5621,Waste Collection,Admin & support,6025.0,0.5525,0.4574,0.895,0.9147,2.452
5622,Waste Treatment and Disposal,Admin & support,20540.0,0.5161,0.4722,0.9678,0.9443,2.949
5629,Remediation and Other Waste Management Services,Admin & support,25170.0,0.5427,0.4728,0.9147,0.9455,2.989
6213,Offices of Other Health Practitioners,Health care,254600.0,0.3831,0.3899,0.7662,0.7798,5.515
6221,General Medical and Surgical Hospitals,Health care,785300.0,0.3998,0.4097,0.7997,0.8194,5.348
6223,Specialty (except Psychiatric and Substance Abuse) Hospitals,Health care,43320.0,0.3855,0.4062,0.771,0.8125,5.679
6242,"Community Food and Housing, and Emergency and Other Relief Services",Health care,80210.0,0.3214,0.3617,0.6427,0.7234,4.672
7111,Performing Arts Companies,Arts & recreation,57890.0,0.2592,0.3584,0.5184,0.7169,4.116
7112,Spectator Sports,Arts & recreation,84070.0,0.3989,0.413,0.7977,0.8261,3.247
7113,"Promoters of Performing Arts, Sports, and Similar Events",Arts & recreation,37620.0,0.3347,0.3839,0.6695,0.7678,3.071
7114,"Agents and Managers for Artists, Athletes, Entertainers, and Other Public Figures",Arts & recreation,20720.0,0.2955,0.3957,0.591,0.7914,4.729
7115,"Independent Artists, Writers, and Performers",Arts & recreation,12820.0,0.2604,0.345,0.5208,0.69,4.353
7121,"Museums, Historical Sites, and Similar Institutions",Arts & recreation,77940.0,0.2619,0.3736,0.5237,0.7472,4.199
7131,Amusement Parks and Arcades,Arts & recreation,28950.0,0.3672,0.4101,0.7343,0.8202,2.286
7132,Gambling Industries,Arts & recreation,18660.0,0.393,0.4403,0.786,0.8806,2.499
7139,Other Amusement and Recreation Industries,Arts & recreation,151700.0,0.4106,0.4055,0.8212,0.811,3.161
7211,Traveler Accommodation,Accommodation & food,237500.0,0.3836,0.3652,0.7672,0.7304,2.428
7212,RV (Recreational Vehicle) Parks and Recreational Camps,Accommodation & food,19240.0,0.4085,0.4116,0.8171,0.8232,3.211
7213,Rooming and Boarding Houses,Accommodation & food,1895.0,0.3767,0.3538,0.7533,0.7076,2.727
7224,Drinking Places (Alcoholic Beverages),Accommodation & food,8429.0,0.3497,0.3547,0.6995,0.7094,2.182
8111,Automotive Repair and Maintenance,Other services,64440.0,0.5345,0.5023,0.931,0.9955,2.647
8112,Electronic and Precision Equipment Repair and Maintenance,Other services,13240.0,0.4926,0.4833,0.9852,0.9665,3.735
8113,Commercial and Industrial Machinery and Equipment (except Automotive and Electronic) Repair and Maintenance,Other services,10010.0,0.5968,0.5313,0.8063,0.9374,3.182
8114,Personal and Household Goods Repair and Maintenance,Other services,26510.0,0.5102,0.5024,0.9796,0.9951,2.681
8121,Personal Care Services,Other services,77320.0,0.4075,0.394,0.815,0.788,2.731
8123,Drycleaning and Laundry Services,Other services,12930.0,0.4768,0.435,0.9535,0.8701,2.326
8131,Religious Organizations,Other services,110200.0,0.541,0.4271,0.9181,0.8543,4.717
8139,"Business, Professional, Labor, Political, and Similar Organizations",Other services,159500.0,0.3557,0.4079,0.7113,0.8159,4.667
