period,term,variable,coef,lo,hi,t,n
2013-16,AI exposure (AIGE),aige,-0.1307,-0.1912,-0.07015,-4.232,12380
2013-16,Population density (log),log_density,0.2639,0.1486,0.3791,4.488,12380
2013-16,Bachelor's degree share,ba_share,0.3119,0.2064,0.4175,5.794,12380
2013-16,Average income (log),log_income,0.006879,-0.07656,0.09032,0.1616,12380
2013-16,Housing costs (log),log_housing,0.028,-0.04407,0.1001,0.7615,12380
2013-16,January temperature,temp_jan,-0.1278,-0.3467,0.09114,-1.144,12380
2013-16,"Republican vote share, 2016",rep16,0.3284,0.2375,0.4194,7.079,12380
2013-16,Jobs that can be done at home,telework,-0.2073,-0.2761,-0.1384,-5.903,12380
2017-19,AI exposure (AIGE),aige,-0.1709,-0.2617,-0.08014,-3.691,9275
2017-19,Population density (log),log_density,0.2768,0.1434,0.4103,4.065,9275
2017-19,Bachelor's degree share,ba_share,0.3137,0.1776,0.4497,4.519,9275
2017-19,Average income (log),log_income,0.007998,-0.09988,0.1159,0.1453,9275
2017-19,Housing costs (log),log_housing,0.006454,-0.08621,0.09912,0.1365,9275
2017-19,January temperature,temp_jan,-0.2827,-0.57,0.004659,-1.928,9275
2017-19,"Republican vote share, 2016",rep16,0.6088,0.5026,0.7151,11.23,9275
2017-19,Jobs that can be done at home,telework,-0.2665,-0.3588,-0.1741,-5.655,9275
2020-22,AI exposure (AIGE),aige,-0.1065,-0.1993,-0.01359,-2.247,9245
2020-22,Population density (log),log_density,0.02097,-0.1015,0.1434,0.3356,9245
2020-22,Bachelor's degree share,ba_share,0.4318,0.2963,0.5674,6.244,9245
2020-22,Average income (log),log_income,-0.1177,-0.2402,0.004838,-1.883,9245
2020-22,Housing costs (log),log_housing,-0.0499,-0.1432,0.04343,-1.048,9245
2020-22,January temperature,temp_jan,-0.07354,-0.3355,0.1884,-0.5502,9245
2020-22,"Republican vote share, 2016",rep16,0.7352,0.6419,0.8285,15.44,9245
2020-22,Jobs that can be done at home,telework,-0.2983,-0.389,-0.2076,-6.447,9245
