period,model,coef,lo,hi,t,n,r2
2013-16,"AIGE, state × year effects",-0.1632,-0.2414,-0.08511,-4.095,12380,0.2705
2013-16,+ population density,-0.2419,-0.3308,-0.153,-5.334,12380,0.2742
2013-16,+ education and income,-0.3809,-0.4679,-0.294,-8.586,12380,0.3058
2013-16,"+ housing costs, January temperature, 2016 vote",-0.2632,-0.3436,-0.1828,-6.415,12380,0.3506
2013-16,+ telework (industry mix),-0.1307,-0.1912,-0.07015,-4.232,12380,0.3635
2017-19,"AIGE, state × year effects",-0.5529,-0.6504,-0.4555,-11.12,9275,0.3679
2017-19,+ population density,-0.4322,-0.5464,-0.3181,-7.42,9275,0.3733
2017-19,+ education and income,-0.5501,-0.6702,-0.43,-8.979,9275,0.3874
2017-19,"+ housing costs, January temperature, 2016 vote",-0.3448,-0.4467,-0.2429,-6.631,9275,0.4833
2017-19,+ telework (industry mix),-0.1709,-0.2617,-0.08014,-3.691,9275,0.4968
2020-22,"AIGE, state × year effects",-0.856,-0.9795,-0.7325,-13.59,9245,0.4514
2020-22,+ population density,-0.4428,-0.5684,-0.3172,-6.909,9245,0.499
2020-22,+ education and income,-0.5488,-0.6771,-0.4206,-8.385,9245,0.5077
2020-22,"+ housing costs, January temperature, 2016 vote",-0.3026,-0.4046,-0.2005,-5.809,9245,0.6088
2020-22,+ telework (industry mix),-0.1065,-0.1993,-0.01359,-2.247,9245,0.6214
